PERIODO_PROD;AGLOMERADO;TALHAO;AREA COLHIDA;Soma de PESO_LIQUIDO;MEDIA SC/HA
SOJA 24/25 - 1§ SAFRA;AGROMAR;01;37,00; 155.505,70 ; 70,05 
;;01/1;73,00; 303.363,90 ; 69,26 
;;02;110,00; 377.971,40 ; 57,27 
;;03;170,00; 559.356,40 ; 54,84 
;;03/1;44,00; 112.418,00 ; 42,58 
;;09;121,00; 392.347,00 ; 54,04 
;;09/1;30,00; 61.416,00 ; 34,12 
;;10;125,00; 432.078,00 ; 57,61 
;;100;100,00; 277.788,25 ; 46,30 
;;101;95,00; 279.921,50 ; 49,11 
;;102;101,00; 332.491,50 ; 54,87 
;;103;113,00; 416.356,00 ; 61,41 
;;104;89,00; 217.939,80 ; 40,81 
;;105;47,00; 114.264,20 ; 40,52 
;;106;81,00; 175.177,50 ; 36,04 
;;107;115,00; 448.483,00 ; 65,00 
;;108;126,00; 510.718,50 ; 67,56 
;;109;124,00; 441.437,00 ; 59,33 
;;11;119,00; 497.101,00 ; 69,62 
;;11/1;9,00; 22.968,00 ; 42,53 
;;110;128,00; 432.780,00 ; 56,35 
;;111;81,00; 232.146,50 ; 47,77 
;;112;35,00; 90.918,50 ; 43,29 
;;113;73,00; 281.648,40 ; 64,30 
;;114;127,00; 439.670,10 ; 57,70 
;;115;49,00; 127.404,00 ; 43,33 
;;116;46,00; 136.851,00 ; 49,58 
;;117;40,00; 154.649,00 ; 64,44 
;;12;126,00; 504.469,00 ; 66,73 
;;13;197,00; 698.682,60 ; 59,11 
;;14;61,00; 205.236,00 ; 56,08 
;;18;46,00; 169.168,10 ; 61,29 
;;19;108,00; 444.242,10 ; 68,56 
;;20;124,00; 494.628,80 ; 66,48 
;;21;131,00; 477.217,00 ; 60,71 
;;21/1;29,00; 120.471,00 ; 69,24 
;;22;163,00; 509.950,00 ; 52,14 
;;23;135,00; 520.753,00 ; 64,29 
;;23/1;27,00; 108.764,00 ; 67,14 
;;24;122,00; 395.712,90 ; 54,06 
;;24/1;17,00; 81.019,10 ; 79,43 
;;30;100,00; 405.355,85 ; 67,56 
;;30/1;35,00; 145.801,15 ; 69,43 
;;31;102,00; 399.167,10 ; 65,22 
;;31/1;61,00; 219.494,82 ; 59,97 
;;32;102,00; 397.539,90 ; 64,96 
;;32/1;61,00; 219.585,18 ; 60,00 
;;33;162,00; 740.458,00 ; 76,18 
;;34;165,00; 772.159,30 ; 78,00 
;;35;167,00; 588.465,00 ; 58,73 
;;39;54,00; 198.933,80 ; 61,40 
;;40;138,00; 512.405,20 ; 61,88 
;;41;46,00; 168.472,00 ; 61,04 
;;43;94,00; 437.963,70 ; 77,65 
;;44;72,00; 282.824,00 ; 65,47 
;;44/1;70,00; 248.929,00 ; 59,27 
;;48;107,00; 364.464,00 ; 56,77 
;;49;90,00; 309.978,50 ; 57,40 
;;50;133,00; 489.692,50 ; 61,36 
;;51;165,00; 399.858,00 ; 40,39 
;;53;42,00; 188.292,00 ; 74,72 
;;53/1;53,00; 227.974,00 ; 71,69 
;;56;189,00; 691.708,00 ; 61,00 
;;57;180,00; 677.217,65 ; 62,71 
;;58;107,00; 501.509,35 ; 78,12 
;;59;175,00; 638.591,00 ; 60,82 
;;60;89,00; 361.294,00 ; 67,66 
;;60/1;74,00; 288.337,00 ; 64,94 
;;61;41,00; 184.330,00 ; 74,93 
;;63;143,00; 515.592,00 ; 60,09 
;;64;59,00; 229.059,00 ; 64,71 
;;64/1;87,00; 270.489,00 ; 51,82 
;;65;122,00; 364.248,40 ; 49,76 
;;67;163,00; 425.085,10 ; 43,46 
;;68;163,00; 504.275,00 ; 51,56 
;;69;138,00; 406.232,50 ; 49,06 
;;70;54,00; 193.598,50 ; 59,75 
;;74;73,00; 269.451,60 ; 61,52 
;;75;175,00; 579.627,00 ; 55,20 
;;77;64,00; 262.118,40 ; 68,26 
;;81;90,00; 292.460,00 ; 54,16 
;;85;140,00; 374.756,10 ; 44,61 
;;89;64,00; 196.616,40 ; 51,20 
;;98;95,00; 296.498,00 ; 52,02 
;;99;102,00; 318.542,25 ; 52,05 
;;30/E;20,00; 93.401,00 ; 77,83 
;AGROMAR Total;;8.320,00; 29.408.334,00 ; 58,91 
;AGUA AZUL;06;130,00; 401.570,50 ; 51,48 
;;08;108,00; 394.099,75 ; 60,82 
;;09;168,00; 542.490,50 ; 53,82 
;;10;193,00; 807.028,20 ; 69,69 
;;101;256,00; 1.179.842,00 ; 76,81 
;;101/1;6,00; 15.941,10 ; 44,28 
;;102;197,00; 894.898,50 ; 75,71 
;;102/1;7,00; 20.495,70 ; 48,80 
;;103;227,00; 939.885,60 ; 69,01 
;;104;181,00; 794.518,90 ; 73,16 
;;105;23,00; 97.822,51 ; 70,89 
;;105/1;21,00; 60.812,20 ; 48,26 
;;106;89,00; 344.040,90 ; 64,43 
;;107;168,00; 798.452,00 ; 79,21 
;;108;161,00; 757.771,90 ; 78,44 
;;109;273,00; 1.222.111,40 ; 74,61 
;;11;221,00; 956.836,40 ; 72,16 
;;110;139,00; 680.012,60 ; 81,54 
;;110/1;170,00; 702.857,59 ; 68,91 
;;111;81,00; 393.212,40 ; 80,91 
;;111/1;102,00; 395.439,95 ; 64,61 
;;112;82,00; 307.377,10 ; 62,48 
;;113;168,00; 734.761,00 ; 72,89 
;;115;105,00; 412.619,00 ; 65,50 
;;116;302,00; 1.303.758,60 ; 71,95 
;;117;211,00; 987.932,00 ; 78,04 
;;12;199,00; 682.376,25 ; 57,15 
;;121;143,00; 431.447,00 ; 50,29 
;;123;138,00; 789.606,50 ; 95,36 
;;124;138,00; 737.130,00 ; 89,03 
;;125;138,00; 807.571,50 ; 97,53 
;;126;271,00; 1.134.277,30 ; 69,76 
;;127;79,00; 317.135,70 ; 66,91 
;;127/1;5,00; 16.616,00 ; 55,39 
;;15;90,00; 294.864,25 ; 54,60 
;;151;68,00; 194.999,40 ; 47,79 
;;153;261,00; 599.488,15 ; 38,28 
;;18;188,00; 518.607,00 ; 45,98 
;;19;217,00; 707.875,85 ; 54,37 
;;201;270,00; 1.012.655,00 ; 62,51 
;;22;198,00; 450.088,20 ; 37,89 
;;51;118,00; 544.997,00 ; 76,98 
;;52;522,00; 2.107.820,80 ; 67,30 
;;53;378,00; 1.823.519,00 ; 80,40 
;;54;365,00; 1.700.811,50 ; 77,66 
;;55;249,00; 1.216.198,20 ; 81,41 
;;56;164,00; 675.973,47 ; 68,70 
;;56/1;34,00; 158.306,83 ; 77,60 
;;57;198,00; 928.461,30 ; 78,15 
;;58;321,00; 1.424.702,70 ; 73,97 
;;59;317,00; 1.520.211,55 ; 79,93 
;;60;222,00; 1.047.977,70 ; 78,68 
;;52BASF;7,00; 16.843,55 ; 40,10 
;AGUA AZUL Total;;9.087,00; 38.007.150,00 ; 69,71 
;AGUA LIMPA;02;214,00; 924.817,00 ; 72,03 
;;04;176,00; 694.260,00 ; 65,74 
;;06;142,00; 610.459,00 ; 71,65 
;;07;230,00; 1.016.632,00 ; 73,67 
;;104;238,00; 377.181,10 ; 26,41 
;;105;188,00; 324.440,10 ; 28,76 
;;106;209,00; 283.691,00 ; 22,62 
;;107;477,00; 1.709.795,40 ; 59,74 
;;109;123,00; 422.968,00 ; 57,31 
;;11;155,00; 671.913,00 ; 72,25 
;;110;234,00; 761.324,00 ; 54,23 
;;201;277,00; 1.278.619,00 ; 76,93 
;;202;38,00; 156.745,00 ; 68,75 
;;203;291,00; 1.380.472,00 ; 79,06 
;;204;195,00; 795.441,70 ; 67,99 
;;206;218,00; 1.046.057,00 ; 79,97 
;;207;145,00; 671.487,00 ; 77,18 
;;207A;152,00; 725.355,00 ; 79,53 
;;208;121,00; 514.129,70 ; 70,82 
;;209;243,00; 1.195.604,00 ; 82,00 
;;210;154,00; 711.138,00 ; 76,96 
;;210A;154,00; 646.260,00 ; 69,94 
;;212;161,00; 673.280,90 ; 69,70 
;;213;291,00; 1.205.421,70 ; 69,04 
;;301;336,00; 1.487.797,50 ; 73,80 
;;302;356,00; 1.601.893,00 ; 74,99 
;;303;253,00; 1.165.750,80 ; 76,80 
;;304;326,00; 1.505.238,00 ; 76,95 
;;305;224,00; 1.062.335,00 ; 79,04 
;;306;254,00; 1.162.707,00 ; 76,29 
;;307;168,00; 766.780,50 ; 76,07 
;;308;283,00; 1.180.090,70 ; 69,50 
;;309;134,00; 529.039,00 ; 65,80 
;;401;163,00; 708.517,50 ; 72,45 
;;402;225,00; 973.357,60 ; 72,10 
;;403;279,00; 1.231.878,00 ; 73,59 
;;404;368,00; 1.694.954,10 ; 76,76 
;;406;370,00; 1.790.270,50 ; 80,64 
;;408;291,00; 1.313.831,40 ; 75,25 
;;501;103,00; 451.404,20 ; 73,04 
;;502;163,00; 695.051,20 ; 71,07 
;;502A;72,00; 306.344,20 ; 70,91 
;;503;161,00; 746.606,60 ; 77,29 
;;504;243,00; 1.010.602,00 ; 69,31 
;;505;240,00; 872.173,40 ; 60,57 
;;506;165,00; 723.111,00 ; 73,04 
;;508;70,00; 216.308,20 ; 51,50 
;;508A;115,00; 395.159,00 ; 57,27 
;;509;158,00; 513.352,40 ; 54,15 
;;511;141,00; 526.291,60 ; 62,21 
;;513;192,00; 635.621,20 ; 55,18 
;;515;185,00; 629.393,00 ; 56,70 
;;608;111,00; 336.447,60 ; 50,52 
;;609;120,00; 397.589,60 ; 55,22 
;;610;178,00; 459.774,70 ; 43,05 
;;611;178,00; 570.861,30 ; 53,45 
;;702;139,00; 488.813,50 ; 58,61 
;;704;176,00; 561.908,50 ; 53,21 
;;706;236,00; 842.478,00 ; 59,50 
;;708;313,00; 1.099.282,00 ; 58,53 
;;901;171,00; 618.784,00 ; 60,31 
;;902;156,00; 548.043,00 ; 58,55 
;;904;334,00; 1.236.570,00 ; 61,71 
;;906;235,00; 838.212,00 ; 59,45 
;;FA;1,00; 114.172,00 ; 1.902,87 
;;09A;22,00; 92.375,00 ; 69,98 
;;09E;8,00; 29.809,00 ; 62,10 
;;513A;95,00; 323.984,00 ; 56,84 
;;202A;74,00; 309.552,60 ; 69,72 
;;704E;6,00; 25.640,00 ; 71,22 
;;704E/1;5,00; 22.484,00 ; 74,95 
;AGUA LIMPA Total;;13.422,00; 53.610.131,00 ; 66,57 
;CARAJAS;01;252,00; 891.137,00 ; 58,94 
;;06;110,00; 416.640,00 ; 63,13 
;;201;528,00; 2.031.453,00 ; 64,12 
;;201/1;214,00; 945.193,60 ; 73,61 
;;202;531,00; 2.290.226,00 ; 71,88 
;;202/1;209,00; 928.800,40 ; 74,07 
;;207;186,00; 595.836,00 ; 53,39 
;;208;613,00; 2.478.567,80 ; 67,39 
;;211;749,00; 2.491.857,00 ; 55,45 
;;218;316,00; 1.200.752,00 ; 63,33 
;;219;319,00; 1.215.589,70 ; 63,51 
;;219/1;479,00; 1.805.778,00 ; 62,83 
;;220;348,00; 1.301.100,26 ; 62,31 
;;222;511,00; 1.959.250,74 ; 63,90 
;;238;152,00; 589.117,80 ; 64,60 
;;240;851,00; 3.592.755,21 ; 70,36 
;;242;661,00; 1.829.892,79 ; 46,14 
;;242/1;155,00; 440.118,70 ; 47,32 
;;242/2;100,00; 295.759,00 ; 49,29 
;;301;325,00; 1.139.998,77 ; 58,46 
;;302;631,00; 3.015.099,06 ; 79,64 
;;302/1;78,00; 315.555,23 ; 67,43 
;;303;547,00; 2.438.749,94 ; 74,31 
;;303/1;130,00; 562.450,00 ; 72,11 
;;304;302,00; 1.133.752,25 ; 62,57 
;;304/1;348,00; 1.275.921,75 ; 61,11 
;CARAJAS Total;;9.645,00; 37.181.352,00 ; 64,25 
;CIDADELA CTO;01;98,00; 348.178,90 ; 59,21 
;;02;352,00; 1.270.440,00 ; 60,15 
;;03;219,00; 599.677,90 ; 45,64 
;;04;386,00; 1.105.482,10 ; 47,73 
;;04/1;30,00; 44.909,10 ; 24,95 
;;05;162,00; 540.345,00 ; 55,59 
;;06;363,00; 1.039.758,00 ; 47,74 
;;20;404,00; 1.905.492,00 ; 78,61 
;;21;196,00; 952.694,00 ; 81,01 
;CIDADELA CTO Total;;2.210,00; 7.806.977,00 ; 58,88 
;CLARAO DA LUA;01;295,00; 1.067.457,00 ; 60,31 
;;02;306,00; 1.206.729,00 ; 65,73 
;;03;279,00; 1.244.557,00 ; 74,35 
;;08;474,00; 2.264.257,00 ; 79,62 
;;09;245,00; 1.190.836,70 ; 81,01 
;;09/1;276,00; 1.040.553,00 ; 62,84 
;;10;192,00; 922.660,50 ; 80,09 
;;10/1;63,00; 325.672,00 ; 86,16 
;;11;371,00; 1.653.938,00 ; 74,30 
;;12;343,00; 1.604.116,80 ; 77,95 
;;13;208,00; 968.651,00 ; 77,62 
;;22;193,00; 873.762,00 ; 75,45 
;;23;148,00; 601.279,00 ; 67,71 
;;24;379,00; 1.220.563,00 ; 53,67 
;;40;576,00; 1.748.411,20 ; 50,59 
;;41;383,00; 473.034,80 ; 20,58 
;;42;160,00; 110.920,00 ; 11,55 
;;43;145,00; 482.639,00 ; 55,48 
;CLARAO DA LUA Total;;5.036,00; 19.000.037,00 ; 62,88 
;COCAL;01;58,00; 116.737,00 ; 33,55 
;;02;51,00; 193.897,00 ; 63,37 
;;02/1;216,00; 657.485,90 ; 50,73 
;;03;269,00; 965.546,10 ; 59,82 
;;03/1;31,00; 80.049,00 ; 43,04 
;;04;332,00; 1.272.157,05 ; 63,86 
;;05;169,00; 535.720,95 ; 52,83 
;;05/1;102,00; 231.525,00 ; 37,83 
;;05/EU;44,00; 143.637,00 ; 54,41 
;;05/EX;67,00; 274.893,00 ; 68,38 
;;06;284,00; 1.146.937,00 ; 67,31 
;;07;266,00; 1.133.201,00 ; 71,00 
;;08;238,00; 956.561,10 ; 66,99 
;;09;191,00; 901.776,70 ; 78,69 
;;10;367,00; 1.730.186,15 ; 78,57 
;;101;221,00; 1.034.314,10 ; 78,00 
;;101/1;89,00; 350.076,90 ; 65,56 
;;102;231,00; 960.321,50 ; 69,29 
;;102/1;158,00; 636.012,50 ; 67,09 
;;103;61,00; 238.952,60 ; 65,29 
;;104;162,00; 650.503,40 ; 66,92 
;;105;243,00; 855.821,00 ; 58,70 
;;106;227,00; 920.272,00 ; 67,57 
;;107;225,00; 828.967,00 ; 61,40 
;;108;235,00; 962.896,00 ; 68,29 
;;109;430,00; 1.617.009,00 ; 62,67 
;;11;274,00; 1.179.954,90 ; 71,77 
;;110;279,00; 1.219.247,00 ; 72,83 
;;111;332,00; 1.398.428,00 ; 70,20 
;;112;307,00; 1.296.246,50 ; 70,37 
;;113;272,00; 1.205.067,00 ; 73,84 
;;114;182,00; 720.303,35 ; 65,96 
;;115;252,00; 1.122.771,15 ; 74,26 
;;116;241,00; 1.073.992,00 ; 74,27 
;;117;244,00; 929.760,00 ; 63,51 
;;118;84,00; 232.836,00 ; 46,20 
;;12;240,00; 773.069,50 ; 53,69 
;;13;343,00; 1.334.683,00 ; 64,85 
;;14;344,00; 1.514.129,35 ; 73,36 
;;15;289,00; 1.266.733,00 ; 73,05 
;;16;332,00; 914.762,20 ; 45,92 
;;17;347,00; 930.552,30 ; 44,70 
;;18;181,00; 502.593,00 ; 46,28 
;;19;403,00; 1.751.388,50 ; 72,43 
;;20;250,00; 1.108.004,00 ; 73,87 
;;201;134,00; 527.415,40 ; 65,60 
;;201/1;14,00; 49.883,00 ; 59,38 
;;202;143,00; 554.905,60 ; 64,67 
;;203;158,00; 612.794,00 ; 64,64 
;;204;115,00; 433.392,40 ; 62,81 
;;205;41,00; 124.149,60 ; 50,47 
;;206;45,00; 162.725,40 ; 60,27 
;;207;39,00; 136.919,50 ; 58,51 
;;208;118,00; 490.216,10 ; 69,24 
;;21;177,00; 552.171,90 ; 51,99 
;;22;131,00; 562.402,10 ; 71,55 
;;22/1;215,00; 875.549,00 ; 67,87 
;;23;411,00; 1.724.997,30 ; 69,95 
;;24;355,00; 1.367.284,00 ; 64,19 
;;25;124,00; 615.470,00 ; 82,72 
;;25/1;111,00; 525.776,00 ; 78,95 
;;25/2;56,00; 211.371,00 ; 62,91 
;;26;113,00; 525.959,00 ; 77,58 
;;27;321,00; 1.343.011,00 ; 69,73 
;;28;389,00; 1.581.392,00 ; 67,75 
;;29;367,00; 1.485.165,00 ; 67,45 
;;30;325,00; 1.250.350,00 ; 64,12 
;;301;218,00; 1.091.452,00 ; 83,44 
;;302;220,00; 1.079.218,50 ; 81,76 
;;303;220,00; 1.006.490,00 ; 76,25 
;;304;247,00; 1.273.943,00 ; 85,96 
;;305;240,00; 995.231,00 ; 69,11 
;;306;200,00; 947.969,50 ; 79,00 
;;307;235,00; 1.178.773,00 ; 83,60 
;;308;210,00; 1.064.921,00 ; 84,52 
;;31;283,00; 1.183.202,50 ; 69,68 
;;32;160,00; 544.124,50 ; 56,68 
;;33;105,00; 400.802,00 ; 63,62 
;;34;306,00; 1.161.331,00 ; 63,25 
;;35;464,00; 1.885.344,00 ; 67,72 
;;36;450,00; 1.850.023,00 ; 68,52 
;;37;215,00; 871.584,00 ; 67,56 
;;38;412,00; 1.728.518,00 ; 69,92 
;;38/1;215,00; 836.781,00 ; 64,87 
;;39;460,00; 1.866.306,50 ; 67,62 
;;39/1;79,00; 238.948,50 ; 50,41 
;;40;148,00; 689.993,00 ; 77,70 
;;40/1;83,00; 345.859,00 ; 69,45 
;;40/2;17,00; 86.707,00 ; 85,01 
;;40/3;28,00; 100.424,00 ; 59,78 
;;41;191,00; 833.318,00 ; 72,72 
;;41/1;88,00; 361.182,00 ; 68,41 
;;41/2;63,00; 209.433,00 ; 55,41 
;;42;249,00; 996.849,00 ; 66,72 
;;43;155,00; 712.033,00 ; 76,56 
;;43/1;71,00; 263.677,00 ; 61,90 
;;44;310,00; 1.415.307,00 ; 76,09 
;;45;353,00; 1.607.263,00 ; 75,89 
;;46;378,00; 1.613.384,00 ; 71,14 
;;47;271,00; 1.237.753,00 ; 76,12 
;;48;221,00; 1.104.250,00 ; 83,28 
;;49;292,00; 1.194.966,00 ; 68,21 
;;50;240,00; 970.735,00 ; 67,41 
;;51;293,00; 1.362.414,00 ; 77,50 
;;52;175,00; 785.239,00 ; 74,78 
;;53;158,00; 690.957,00 ; 72,89 
;;53/1;29,00; 61.300,00 ; 35,23 
;;54;335,00; 1.350.219,00 ; 67,18 
;;55;147,00; 598.463,00 ; 67,85 
;;55/1;8,00; 20.365,00 ; 42,43 
;;56;143,00; 546.262,00 ; 63,67 
;;56/1;90,00; 303.029,00 ; 56,12 
;;57;203,00; 803.103,50 ; 65,94 
;;58;241,00; 1.146.329,50 ; 79,28 
;;59;151,00; 759.404,90 ; 83,82 
;;60;185,00; 760.696,20 ; 68,53 
;;60/1;21,00; 99.063,00 ; 78,62 
;;61;219,00; 1.027.091,90 ; 78,17 
;;62;323,00; 1.318.075,00 ; 68,01 
;COCAL Total;;24.883,00; 102.163.384,00 ; 68,43 
;COLORADO;01;200,56; 867.416,00 ; 72,08 
;;02;130,00; 481.392,90 ; 61,72 
;;03;219,06; 714.913,60 ; 54,39 
;;03B;90,20; 335.945,20 ; 62,07 
;;04;220,45; 687.025,50 ; 51,94 
;;05;220,90; 818.162,50 ; 61,73 
;;06;223,50; 1.142.541,69 ; 85,20 
;;07;223,54; 1.164.350,06 ; 86,81 
;;08;187,00; 1.045.844,06 ; 93,21 
;;09;148,14; 714.570,00 ; 80,39 
;;10;189,03; 800.288,00 ; 70,56 
;;10/1;19,58; 67.273,50 ; 57,26 
;;11;218,02; 987.629,00 ; 75,50 
;;12;217,59; 1.004.519,00 ; 76,94 
;;13;219,22; 1.041.249,20 ; 79,16 
;;14;213,46; 1.002.401,50 ; 78,27 
;;14/1;6,00; 29.038,00 ; 80,66 
;;15;218,50; 1.029.894,50 ; 78,56 
;;16;217,89; 1.093.380,60 ; 83,63 
;;17;157,65; 760.330,40 ; 80,38 
;;19;237,95; 920.154,00 ; 64,45 
;;20;189,70; 740.477,50 ; 65,06 
;;21;219,67; 924.306,00 ; 70,13 
;;22;217,82; 947.229,00 ; 72,48 
;;23;217,55; 972.361,00 ; 74,49 
;;24;84,00; 329.780,00 ; 65,43 
;;24/1;94,87; 421.459,00 ; 74,04 
;;24/2;22,60; 93.682,00 ; 69,09 
;;24/3;15,75; 27.518,00 ; 29,12 
;;25;54,00; 212.654,00 ; 65,63 
;;25/1;74,20; 232.782,00 ; 52,29 
;;25E;6,10; 24.017,00 ; 65,62 
;;26;79,80; 279.719,00 ; 58,42 
;;28;329,03; 1.622.929,00 ; 82,21 
;;29;328,06; 1.531.069,50 ; 77,78 
;;30;318,76; 1.639.789,66 ; 85,74 
;;31;225,34; 1.079.733,50 ; 79,86 
;;32;230,72; 1.041.094,50 ; 75,21 
;;33;34,00; 156.587,00 ; 76,76 
;;34;108,12; 531.815,00 ; 81,98 
;;34/1;10,00; 57.853,00 ; 96,42 
;;35;86,76; 307.850,00 ; 59,14 
;;36;92,14; 304.516,00 ; 55,08 
;;38;19,20; 81.122,00 ; 70,42 
;;38/1;110,39; 402.238,28 ; 60,73 
;;38/2;9,20; 30.520,48 ; 55,29 
;;39;107,64; 406.583,00 ; 62,95 
;;39/1;20,50; 70.369,44 ; 57,21 
;;39/2;9,04; 29.946,54 ; 55,21 
;;41;253,33; 1.338.388,65 ; 88,05 
;;42;253,84; 1.396.209,25 ; 91,67 
;;43;219,85; 1.167.372,10 ; 88,50 
;;44;116,54; 518.666,00 ; 74,18 
;;45;246,67; 1.175.501,50 ; 79,42 
;;45/1;7,72; 31.551,00 ; 68,12 
;;46;118,00; 525.864,00 ; 74,27 
;;46/1;90,00; 321.782,26 ; 59,59 
;;47;48,00; 167.802,00 ; 58,26 
;;48;108,50; 395.405,80 ; 60,74 
;;49;69,45; 333.203,00 ; 79,96 
;;54;253,32; 1.147.290,69 ; 75,48 
;;55;224,10; 989.567,75 ; 73,60 
;;56;145,03; 646.410,25 ; 74,28 
;;56/1;20,59; 92.344,65 ; 74,75 
;;57;137,32; 435.806,14 ; 52,89 
;;58;69,08; 229.295,06 ; 55,32 
;;59;38,40; 144.638,31 ; 62,78 
;;60;127,29; 393.654,20 ; 51,54 
;;61;244,87; 798.089,80 ; 54,32 
;;62;225,08; 662.191,00 ; 49,03 
;;64;70,83; 321.169,20 ; 75,57 
;;65;53,40; 225.306,50 ; 70,32 
;;65/1;130,44; 527.701,00 ; 67,43 
;;66;166,70; 755.438,47 ; 75,53 
;;67;151,73; 528.827,75 ; 58,09 
;;68;148,40; 469.951,25 ; 52,78 
;;69;143,24; 657.114,54 ; 76,46 
;;70;144,42; 590.640,49 ; 68,16 
;;71;255,70; 1.076.486,00 ; 70,17 
;;72;74,00; 321.982,60 ; 72,52 
;;72/1;20,30; 79.930,90 ; 65,62 
;;72/2;131,00; 462.108,05 ; 58,79 
;;73;175,37; 584.946,95 ; 55,59 
;;74;107,90; 458.037,50 ; 70,75 
;;75;151,20; 546.269,40 ; 60,21 
;;76;154,60; 546.269,40 ; 58,89 
;;78;235,70; 829.920,35 ; 58,68 
;;79;226,80; 808.195,94 ; 59,39 
;;80;141,40; 504.493,00 ; 59,46 
;;27P;248,00; 993.490,70 ; 66,77 
;;25E2;1,10; 3.993,00 ; 60,50 
;COLORADO Total;;13.042,41; 55.411.627,01 ; 70,81 
;ESTREITO;301;122,00; 397.419,90 ; 54,29 
;;302;135,00; 439.579,10 ; 54,27 
;;303;200,00; 759.038,70 ; 63,25 
;;304;80,00; 304.642,30 ; 63,47 
;;306;100,00; 367.021,20 ; 61,17 
;;307;77,00; 284.139,80 ; 61,50 
;;400;162,00; 327.869,00 ; 33,73 
;ESTREITO Total;;876,00; 2.879.710,00 ; 54,79 
;FARTURA;01;72,00; 140.303,20 ; 32,48 
;;02;101,00; 303.052,80 ; 50,01 
;;03;174,00; 482.794,50 ; 46,24 
;;04;156,00; 642.874,55 ; 68,68 
;;05;252,00; 832.932,00 ; 55,09 
;;05/1;105,00; 383.314,70 ; 60,84 
;;07;134,00; 486.505,00 ; 60,51 
;;10;157,00; 460.773,80 ; 48,91 
;;11;152,00; 621.979,60 ; 68,20 
;;12;226,00; 745.698,40 ; 54,99 
;;13;229,00; 642.681,50 ; 46,77 
;;15;151,00; 461.802,20 ; 50,97 
;;19;70,00; 224.123,50 ; 53,36 
;;20;68,00; 254.873,90 ; 62,47 
;;20A;52,00; 216.852,30 ; 69,50 
;;21;107,00; 474.035,10 ; 73,84 
;;22B;99,00; 339.900,40 ; 57,22 
;;23;188,00; 640.526,50 ; 56,78 
;;24;132,00; 465.582,50 ; 58,79 
;;25A;39,00; 91.819,50 ; 39,24 
;;26;162,00; 473.523,70 ; 48,72 
;;27;162,00; 495.360,80 ; 50,96 
;;28;105,00; 344.746,00 ; 54,72 
;;29;244,00; 912.120,00 ; 62,30 
;;29B;223,00; 872.447,70 ; 65,21 
;;300;116,00; 245.919,25 ; 35,33 
;;302;132,00; 512.839,00 ; 64,75 
;;303;165,00; 703.600,00 ; 71,07 
;;308;199,00; 712.681,00 ; 59,69 
;;33;136,00; 397.199,60 ; 48,68 
;;351;142,00; 464.732,10 ; 54,55 
;;352;142,00; 606.088,40 ; 71,14 
;;353;142,00; 607.154,10 ; 71,26 
;;354;142,00; 534.852,15 ; 62,78 
;;355;58,00; 181.093,85 ; 52,04 
;;36;125,00; 432.132,10 ; 57,62 
;;362;157,00; 574.840,65 ; 61,02 
;;37;114,00; 417.257,80 ; 61,00 
;;38;88,00; 314.053,60 ; 59,48 
;;40;305,00; 1.116.590,60 ; 61,02 
;;402;146,00; 533.072,00 ; 60,85 
;;403;165,00; 497.459,00 ; 50,25 
;;405;150,00; 594.377,70 ; 66,04 
;;407;143,00; 449.558,30 ; 52,40 
;;410;29,00; 87.378,00 ; 50,22 
;;42;262,00; 925.554,80 ; 58,88 
;;501;115,00; 382.782,00 ; 55,48 
;;503;94,00; 300.074,60 ; 53,20 
;;504;62,00; 235.744,00 ; 63,37 
;;505;99,00; 353.261,00 ; 59,47 
;;506;84,00; 328.982,00 ; 65,27 
;;700;177,00; 717.276,50 ; 67,54 
;;701;160,00; 569.835,10 ; 59,36 
;;702;132,00; 547.716,40 ; 69,16 
;;17A;114,00; 509.956,00 ; 74,55 
;;21B;116,00; 508.306,90 ; 73,03 
;;355A;45,00; 159.945,35 ; 59,24 
;;600A;205,00; 648.869,00 ; 52,75 
;FARTURA Total;;8.021,00; 28.181.807,00 ; 58,56 
;FILADELFIA;100;136,00; 642.457,90 ; 78,73 
;;101;149,00; 722.074,20 ; 80,77 
;;102;136,00; 524.906,40 ; 64,33 
;;103;157,00; 693.682,00 ; 73,64 
;;104;85,00; 389.769,00 ; 76,43 
;;104/1;7,00; 29.455,00 ; 70,13 
;;104/2;18,00; 89.377,00 ; 82,76 
;;105;331,00; 1.492.742,40 ; 75,16 
;;106;171,00; 801.473,85 ; 78,12 
;;107;95,00; 452.429,15 ; 79,37 
;;107/1;37,00; 159.599,00 ; 71,89 
;;108;135,00; 310.249,00 ; 38,30 
;;109;217,00; 915.818,80 ; 70,34 
;;110;168,00; 713.982,35 ; 70,83 
;;111;47,00; 199.388,50 ; 70,71 
;;111/1;30,00; 112.696,00 ; 62,61 
;;113;200,00; 729.670,80 ; 60,81 
;;115;157,00; 427.020,00 ; 45,33 
;;150;102,00; 368.995,60 ; 60,29 
;;151;177,00; 886.776,00 ; 83,50 
;;152;177,00; 880.731,00 ; 82,93 
;;153;227,00; 969.762,70 ; 71,20 
;;154;34,00; 117.636,25 ; 57,66 
;;154/1;4,00; 15.987,25 ; 66,61 
;;200;71,00; 298.477,00 ; 70,07 
;;201;50,00; 211.944,00 ; 70,65 
;;203;227,00; 647.891,70 ; 47,57 
;;204;239,00; 728.545,40 ; 50,81 
;;205;180,00; 731.905,90 ; 67,77 
;;206;315,00; 1.195.109,80 ; 63,23 
;;207;235,00; 669.065,60 ; 47,45 
;;208;99,00; 351.045,20 ; 59,10 
;;209;97,00; 310.264,10 ; 53,31 
;;210;88,00; 346.164,85 ; 65,56 
;;211;160,00; 571.266,40 ; 59,51 
;;214;217,00; 767.071,30 ; 58,91 
;;214/1;70,00; 224.534,60 ; 53,46 
;;300;115,00; 489.002,60 ; 70,87 
;;301;104,00; 512.257,30 ; 82,09 
;;302;88,00; 439.344,00 ; 83,21 
;;303;151,00; 534.591,90 ; 59,01 
;;304;191,00; 905.566,20 ; 79,02 
;;305;107,00; 480.807,00 ; 74,89 
;;306;161,00; 654.602,00 ; 67,76 
;;307;221,00; 1.135.047,00 ; 85,60 
;;308;183,00; 630.800,90 ; 57,45 
;;309;48,00; 169.174,40 ; 58,74 
;;310;163,00; 675.629,70 ; 69,08 
;;311;288,00; 1.324.591,30 ; 76,65 
;;312;76,00; 241.352,50 ; 52,93 
;;314;105,00; 384.034,00 ; 60,96 
;;315;206,00; 969.207,70 ; 78,41 
;;316;137,00; 512.667,00 ; 62,37 
;;317;242,00; 903.714,00 ; 62,24 
;;318;35,00; 119.921,00 ; 57,11 
;;319;115,00; 393.827,00 ; 57,08 
;;400;150,00; 567.261,50 ; 63,03 
;;402/2;1,00; 5.639,50 ; 93,99 
;;404;181,00; 457.665,80 ; 42,14 
;;405;116,00; 351.103,40 ; 50,45 
;;406;209,00; 585.304,80 ; 46,68 
;;407;118,00; 507.833,50 ; 71,73 
;;408;231,00; 745.492,50 ; 53,79 
;;409;165,00; 345.813,40 ; 34,93 
;;410;189,00; 636.184,70 ; 56,10 
;;410/1;145,00; 457.736,50 ; 52,61 
;;411;182,00; 469.924,60 ; 43,03 
;;412;122,00; 376.464,00 ; 51,43 
;;413;182,00; 298.970,30 ; 27,38 
;;414;138,00; 465.799,20 ; 56,26 
;;PV01;153,00; 890.701,00 ; 97,03 
;;PV02;153,00; 965.932,60 ; 105,22 
;;316/1;21,00; 59.869,60 ; 47,52 
;;413/1;126,00; 255.255,60 ; 33,76 
;;318/1;58,00; 120.195,00 ; 34,54 
;FILADELFIA Total;;10.421,00; 39.739.251,00 ; 63,56 
;FLOR CERRADO;01/1;83,00; 318.657,00 ; 63,99 
;;02;152,00; 625.519,10 ; 68,59 
;;03;207,00; 908.761,90 ; 73,17 
;;06/1;90,00; 334.029,00 ; 61,86 
;;07/1;85,00; 328.883,00 ; 64,49 
;;101;173,00; 547.876,00 ; 52,78 
;;101/1;33,00; 113.490,55 ; 57,32 
;;102;106,00; 392.396,40 ; 61,70 
;;102/1;19,00; 55.114,01 ; 48,35 
;;103;78,00; 198.891,60 ; 42,50 
;;103/1;88,00; 312.178,44 ; 59,12 
;;11;111,00; 344.834,00 ; 51,78 
;FLOR CERRADO Total;;1.225,00; 4.480.631,00 ; 60,96 
;FUJI CTO;01;159,00; 859.565,50 ; 90,10 
;;02;72,00; 427.707,40 ; 99,01 
;;02/1;16,00; 83.143,00 ; 86,61 
;;03;150,00; 939.329,00 ; 104,37 
;;03/1;96,00; 500.523,30 ; 86,90 
;;04;285,00; 1.224.492,60 ; 71,61 
;;04/1;122,00; 639.698,50 ; 87,39 
;;05;118,00; 535.214,30 ; 75,60 
;;06;207,00; 1.054.303,00 ; 84,89 
;;07;168,00; 852.319,50 ; 84,56 
;;08;131,00; 559.820,60 ; 71,22 
;;09;261,00; 1.381.979,20 ; 88,25 
;;10;188,00; 967.169,00 ; 85,74 
;;11;274,00; 1.328.458,80 ; 80,81 
;;12;106,00; 502.688,25 ; 79,04 
;;13;72,00; 341.656,00 ; 79,09 
;;14;114,00; 511.039,05 ; 74,71 
;;15;127,00; 697.382,50 ; 91,52 
;;16;244,00; 1.154.829,10 ; 78,88 
;;17;261,00; 1.449.133,70 ; 92,54 
;;17/1;6,00; 34.230,60 ; 95,09 
;;18;125,00; 624.583,50 ; 83,28 
;;19;329,00; 1.432.319,10 ; 72,56 
;;20;113,00; 555.516,60 ; 81,93 
;;30;188,00; 1.040.933,30 ; 92,28 
;;30/1;25,00; 127.253,00 ; 84,84 
;;31;268,00; 1.234.637,50 ; 76,78 
;;32;143,00; 658.039,20 ; 76,69 
;;33;269,00; 1.204.606,90 ; 74,63 
;;34;421,00; 1.826.637,60 ; 72,31 
;;35;277,00; 1.311.572,20 ; 78,92 
;;36;79,00; 401.492,00 ; 84,70 
;;40;186,00; 809.866,40 ; 72,57 
;;41;126,00; 580.793,50 ; 76,82 
;;41/1;70,00; 301.906,00 ; 71,88 
;;42;163,00; 880.991,00 ; 90,08 
;;43;95,00; 469.478,60 ; 82,36 
;;44;496,00; 2.545.834,10 ; 85,55 
;;45;226,00; 1.101.407,50 ; 81,22 
;;46;186,00; 1.038.853,10 ; 93,09 
;;47;161,00; 827.473,90 ; 85,66 
;;48;83,00; 442.343,40 ; 88,82 
;;48/1;48,00; 214.223,00 ; 74,38 
;;49;235,00; 1.012.654,20 ; 71,82 
;;50;374,00; 1.836.630,41 ; 81,85 
;;51;455,00; 2.398.718,59 ; 87,87 
;;52;369,00; 2.088.290,00 ; 94,32 
;;53;279,00; 1.192.221,70 ; 71,22 
;;54;182,00; 881.130,00 ; 80,69 
;;55;245,00; 987.726,30 ; 67,19 
;;55/1;26,00; 120.214,50 ; 77,06 
;;56;224,00; 989.897,50 ; 73,65 
;;57;173,00; 884.155,10 ; 85,18 
;;58;259,00; 1.373.379,50 ; 88,38 
;;58/1;10,00; 52.834,00 ; 88,06 
;;59;195,00; 1.016.819,00 ; 86,91 
;;60;140,00; 809.448,90 ; 96,36 
;;61;196,00; 945.945,60 ; 80,44 
;;62;141,00; 662.267,40 ; 78,28 
;FUJI CTO Total;;10.757,00; 52.927.777,00 ; 82,01 
;ITAIPU;02;215,00; 866.600,00 ; 67,18 
;;02/1;99,00; 259.049,34 ; 43,61 
;;03;190,00; 781.835,00 ; 68,58 
;;06;159,00; 614.916,00 ; 64,46 
;;06/1;95,00; 238.293,25 ; 41,81 
;;07;347,00; 1.259.056,00 ; 60,47 
;;09;107,00; 359.511,50 ; 56,00 
;;09/1;368,00; 1.390.281,00 ; 62,97 
;;09B;75,00; 331.202,00 ; 73,60 
;;10;74,00; 290.254,00 ; 65,37 
;;10/1;70,00; 264.483,42 ; 62,97 
;;100;125,00; 603.526,00 ; 80,47 
;;101;151,00; 750.068,40 ; 82,79 
;;102;316,00; 1.580.893,80 ; 83,38 
;;103;154,00; 770.061,20 ; 83,34 
;;105;321,00; 1.673.758,00 ; 86,90 
;;106;243,00; 1.080.273,00 ; 74,09 
;;107;175,00; 641.589,00 ; 61,10 
;;108;140,00; 563.442,00 ; 67,08 
;;108/1;187,00; 585.911,00 ; 52,22 
;;11;107,00; 421.372,00 ; 65,63 
;;11/1;71,00; 213.651,80 ; 50,15 
;;11/2;27,00; 123.537,50 ; 76,26 
;;110;273,00; 1.107.823,00 ; 67,63 
;;112;322,00; 1.447.666,70 ; 74,93 
;;113;187,00; 728.930,00 ; 64,97 
;;115;280,00; 920.275,50 ; 54,78 
;;116;286,00; 975.723,50 ; 56,86 
;;118;141,00; 503.112,20 ; 59,47 
;;119;217,00; 861.253,50 ; 66,15 
;;12;220,00; 782.203,50 ; 59,26 
;;12/1;90,00; 268.750,00 ; 49,77 
;;12/2;236,00; 811.691,00 ; 57,32 
;;120;320,00; 1.296.972,30 ; 67,55 
;;124;89,00; 354.606,00 ; 66,41 
;;125;110,00; 370.819,00 ; 56,18 
;;125/1;139,00; 278.336,00 ; 33,37 
;;126;192,00; 728.038,45 ; 63,20 
;;127;290,00; 1.137.233,40 ; 65,36 
;;128;290,00; 1.168.149,15 ; 67,14 
;;13;226,00; 967.954,95 ; 71,38 
;;131;395,00; 1.447.306,00 ; 61,07 
;;16;128,00; 476.650,20 ; 62,06 
;;16/1;115,00; 406.144,42 ; 58,86 
;;17;128,00; 343.959,60 ; 44,79 
;;17/1;43,00; 103.923,17 ; 40,28 
;;17/2;24,00; 62.124,50 ; 43,14 
;;20;246,00; 1.014.422,05 ; 68,73 
;;201;67,00; 265.463,00 ; 66,04 
;;202;323,00; 1.222.068,00 ; 63,06 
;;203;200,00; 734.935,00 ; 61,24 
;;203/1;76,00; 211.172,00 ; 46,31 
;;206;343,00; 1.308.233,50 ; 63,57 
;;207;232,00; 832.381,80 ; 59,80 
;;209;160,00; 744.830,00 ; 77,59 
;;209/1;79,00; 281.071,00 ; 59,30 
;;21;144,00; 590.919,00 ; 68,39 
;;21/1;85,00; 375.562,10 ; 73,64 
;;211;251,00; 878.881,00 ; 58,36 
;;213;120,00; 364.613,00 ; 50,64 
;;213/1;122,00; 404.148,00 ; 55,21 
;;214;238,00; 900.752,50 ; 63,08 
;;215;257,00; 894.372,20 ; 58,00 
;;218;84,00; 292.721,00 ; 58,08 
;;218/1;109,00; 356.306,00 ; 54,48 
;;219;102,00; 365.014,00 ; 59,64 
;;222;386,00; 1.169.929,00 ; 50,52 
;;223;216,00; 653.970,00 ; 50,46 
;;226;250,00; 1.062.878,00 ; 70,86 
;;226/1;180,00; 486.654,00 ; 45,06 
;;228;420,00; 899.701,00 ; 35,70 
;;228/1;71,00; 244.405,00 ; 57,37 
;;229;356,00; 1.495.001,00 ; 69,99 
;;230;138,00; 654.964,00 ; 79,10 
;;231;165,00; 753.230,00 ; 76,08 
;;232;136,00; 646.860,00 ; 79,27 
;;232/1;410,00; 1.062.150,00 ; 43,18 
;;27;202,00; 827.894,50 ; 68,31 
;;30;375,00; 1.496.755,00 ; 66,52 
;;301;362,00; 1.229.632,20 ; 56,61 
;;302;412,00; 1.475.327,00 ; 59,68 
;;303;405,00; 1.363.273,00 ; 56,10 
;;304;193,00; 651.267,00 ; 56,24 
;;305;275,00; 983.422,00 ; 59,60 
;;306;225,00; 794.110,80 ; 58,82 
;;307;362,00; 1.043.784,00 ; 48,06 
;;308;365,00; 1.181.919,00 ; 53,97 
;;309;370,00; 1.105.468,00 ; 49,80 
;;31;385,00; 1.597.903,00 ; 69,17 
;;310;289,00; 922.932,00 ; 53,23 
;;311;251,00; 923.253,00 ; 61,30 
;;312;585,00; 2.362.925,00 ; 67,32 
;;313;251,00; 762.979,00 ; 50,66 
;;314;349,00; 1.338.556,00 ; 63,92 
;;315;572,00; 1.754.604,50 ; 51,12 
;;316;370,00; 1.090.806,20 ; 49,14 
;;317;165,00; 542.350,00 ; 54,78 
;;318;139,00; 450.882,00 ; 54,06 
;;319;280,00; 962.411,70 ; 57,29 
;;320;155,00; 597.877,00 ; 64,29 
;;320/1;124,00; 413.985,90 ; 55,64 
;;321;62,00; 271.701,80 ; 73,04 
;;322;792,00; 3.487.322,70 ; 73,39 
;;323;547,00; 2.409.699,30 ; 73,42 
;;97;400,00; 1.910.622,00 ; 79,61 
;;98;297,00; 1.014.715,00 ; 56,94 
;;99;160,00; 757.440,00 ; 78,90 
;;99/1;24,00; 81.321,60 ; 56,47 
;;27B;138,00; 557.623,40 ; 67,35 
;ITAIPU Total;;24.404,00; 90.745.582,00 ; 61,97 
;JUCARA;01;417,00; 1.840.074,93 ; 73,54 
;;03;199,00; 766.811,00 ; 64,22 
;;03/1;188,00; 784.124,96 ; 69,51 
;;03/2;22,00; 79.192,00 ; 59,99 
;;05;121,00; 469.376,73 ; 64,65 
;;06;107,00; 358.192,42 ; 55,79 
;;06/1;109,00; 419.695,12 ; 64,17 
;;09;282,00; 1.251.793,13 ; 73,98 
;;11;273,00; 930.675,93 ; 56,82 
;;16;612,00; 2.452.190,34 ; 66,78 
;;18;217,00; 658.942,39 ; 50,61 
;;19;168,00; 497.801,61 ; 49,39 
;;22;375,00; 1.746.697,22 ; 77,63 
;;22/1;10,00; 33.100,00 ; 55,17 
;;24;359,00; 1.307.196,45 ; 60,69 
;;24/1;30,00; 96.462,00 ; 53,59 
;;25;343,00; 1.231.661,00 ; 59,85 
;;25/1;42,00; 124.030,11 ; 49,22 
;;25/2;24,00; 60.195,83 ; 41,80 
;;28;227,00; 907.687,00 ; 66,64 
;;28/1;22,00; 63.243,66 ; 47,91 
;;30;123,00; 361.073,02 ; 48,93 
;;33;40,00; 128.941,86 ; 53,73 
;;42;35,00; 119.730,29 ; 57,01 
;;47;331,00; 624.160,00 ; 31,43 
;JUCARA Total;;4.676,00; 17.313.049,00 ; 61,71 
;LIBERDADE;101;93,00; 300.963,00 ; 53,94 
;;102;138,00; 517.660,80 ; 62,52 
;;103;196,00; 696.017,20 ; 59,19 
;;104;200,00; 748.823,00 ; 62,40 
;;104/1;125,00; 323.914,00 ; 43,19 
;;105;216,00; 810.899,00 ; 62,57 
;;106;88,00; 345.663,00 ; 65,47 
;;106/1;114,00; 390.193,00 ; 57,05 
;;107;217,00; 688.203,00 ; 52,86 
;;108;132,00; 399.152,00 ; 50,40 
;;109;84,00; 334.894,00 ; 66,45 
;;110;112,00; 408.225,00 ; 60,75 
;;201;132,00; 548.502,60 ; 69,26 
;;203;82,00; 290.506,70 ; 59,05 
;;205;66,00; 213.943,70 ; 54,03 
;;206;106,00; 371.215,70 ; 58,37 
;;207;170,00; 574.428,90 ; 56,32 
;;208;92,00; 349.727,00 ; 63,36 
;;209;42,00; 150.394,60 ; 59,68 
;;211;12,00; 44.968,00 ; 62,46 
;;251;73,00; 225.546,50 ; 51,49 
;;252;71,00; 284.117,70 ; 66,69 
;;253;92,00; 301.533,70 ; 54,63 
;;254;99,00; 430.901,00 ; 72,54 
;;261;166,00; 524.735,00 ; 52,68 
;;262;77,00; 199.233,80 ; 43,12 
;;301;162,00; 665.131,80 ; 68,43 
;;302;47,00; 174.112,50 ; 61,74 
;;303;37,00; 163.264,00 ; 73,54 
;;304;33,00; 134.217,00 ; 67,79 
;;304/1;131,00; 579.667,00 ; 73,75 
;;305;78,00; 374.838,60 ; 80,09 
;;306;202,00; 766.824,50 ; 63,27 
;;307;141,00; 520.211,50 ; 61,49 
;;308;114,00; 435.346,00 ; 63,65 
;;309;68,00; 230.089,80 ; 56,39 
;;311;208,00; 827.198,40 ; 66,28 
;;312;43,00; 239.428,40 ; 92,80 
;;313;245,00; 1.005.939,20 ; 68,43 
;;314;165,00; 733.726,40 ; 74,11 
;;315;61,00; 284.347,00 ; 77,69 
;LIBERDADE Total;;4.730,00; 17.608.704,00 ; 62,05 
;MACIFE;701;320,00; 1.541.307,30 ; 80,28 
;;702;66,00; 347.574,00 ; 87,77 
;;703;129,00; 667.022,35 ; 86,18 
;;704;141,00; 688.081,65 ; 81,33 
;;705;92,00; 482.196,35 ; 87,35 
;;706;175,00; 980.842,79 ; 93,41 
;;707;219,00; 1.086.013,00 ; 82,65 
;;708;188,00; 1.064.566,90 ; 94,38 
;;709;202,00; 1.121.303,95 ; 92,52 
;;710;196,00; 1.134.133,05 ; 96,44 
;;711;194,00; 1.084.820,50 ; 93,20 
;;712;133,00; 666.107,30 ; 83,47 
;;713;128,00; 619.958,50 ; 80,72 
;;714;111,00; 576.771,10 ; 86,60 
;;715;172,00; 884.535,40 ; 85,71 
;;716;102,00; 544.095,50 ; 88,90 
;;717;120,00; 651.092,50 ; 90,43 
;;718;178,00; 931.300,60 ; 87,20 
;;721;179,00; 998.160,90 ; 92,94 
;;722;34,00; 178.651,00 ; 87,57 
;;723;174,00; 877.307,35 ; 84,03 
;;724;138,00; 744.947,00 ; 89,97 
;;725;50,00; 265.912,90 ; 88,64 
;;726;22,00; 107.146,71 ; 81,17 
;;727;112,00; 549.086,90 ; 81,71 
;;728;138,00; 666.583,20 ; 80,51 
;;729;197,00; 938.278,00 ; 79,38 
;;730;132,00; 607.701,60 ; 76,73 
;;731;181,00; 888.107,20 ; 81,78 
;;732;86,00; 466.142,00 ; 90,34 
;;733;95,00; 469.096,50 ; 82,30 
;;734;133,00; 661.753,00 ; 82,93 
;;720;76,00; 353.860,00 ; 77,60 
;;719;59,00; 286.215,00 ; 80,85 
;MACIFE Total;;4.672,00; 24.130.672,00 ; 86,08 
;MALU;101;164,00; 686.650,00 ; 69,78 
;;102;171,00; 709.541,40 ; 69,16 
;;103;45,00; 205.305,60 ; 76,04 
;;105;127,00; 440.932,00 ; 57,87 
;;106;174,00; 527.725,00 ; 50,55 
;;107;104,00; 286.236,00 ; 45,87 
;;108;138,00; 383.120,00 ; 46,27 
;;109;81,00; 289.029,30 ; 59,47 
;;109/1;110,00; 301.536,00 ; 45,69 
;;110;35,00; 148.248,05 ; 70,59 
;;110/1;52,00; 201.561,00 ; 64,60 
;;110/2;17,00; 53.498,70 ; 52,45 
;;111;194,00; 718.255,30 ; 61,71 
;;112;159,00; 637.495,70 ; 66,82 
;;113;128,00; 521.681,00 ; 67,93 
;;114;171,00; 568.555,00 ; 55,41 
;;115;224,00; 749.459,00 ; 55,76 
;;116;228,00; 929.410,05 ; 67,94 
;;117;195,00; 751.754,75 ; 64,25 
;;118;254,00; 1.035.296,60 ; 67,93 
;;119;229,00; 1.047.162,60 ; 76,21 
;;120;172,00; 731.295,90 ; 70,86 
;;121;147,00; 620.435,45 ; 70,34 
;;122;98,00; 414.574,00 ; 70,51 
;;123;110,00; 474.183,00 ; 71,85 
;;124;20,00; 77.719,40 ; 64,77 
;;124/1;89,00; 389.797,00 ; 73,00 
;;125;133,00; 508.157,60 ; 63,68 
;;126;94,00; 398.826,50 ; 70,71 
;;127;121,00; 449.449,05 ; 61,91 
;;128;69,00; 249.012,80 ; 60,15 
;;129;115,00; 415.718,15 ; 60,25 
;;130;80,00; 321.332,00 ; 66,94 
;;131;121,00; 538.577,50 ; 74,18 
;;132;122,00; 542.899,10 ; 74,17 
;;133;133,00; 577.322,80 ; 72,35 
;;134;145,00; 654.350,50 ; 75,21 
;;135;108,00; 476.278,00 ; 73,50 
;;136;101,00; 411.836,00 ; 67,96 
;;137;113,00; 425.457,90 ; 62,75 
;;138;114,00; 453.407,00 ; 66,29 
;;139;97,00; 387.325,80 ; 66,55 
;;140;141,00; 553.417,40 ; 65,42 
;;141;137,00; 532.717,30 ; 64,81 
;;142;112,00; 508.808,20 ; 75,72 
;;143;119,00; 468.192,95 ; 65,57 
;;144;120,00; 454.008,70 ; 63,06 
;;145;150,00; 690.668,00 ; 76,74 
;;146;114,00; 380.640,00 ; 55,65 
;;147;131,00; 477.637,80 ; 60,77 
;;148;132,00; 629.342,85 ; 79,46 
;;149;112,00; 434.619,65 ; 64,68 
;;150;150,00; 639.338,50 ; 71,04 
;;151;68,00; 278.600,80 ; 68,28 
;;152;62,00; 241.386,00 ; 64,89 
;;153;95,00; 392.156,00 ; 68,80 
;;154;160,00; 779.776,30 ; 81,23 
;;155;159,00; 782.699,90 ; 82,04 
;;156;160,00; 652.742,15 ; 67,99 
;;173;25,00; 91.202,00 ; 60,80 
;;174;41,00; 167.135,00 ; 67,94 
;;175;72,00; 269.587,50 ; 62,40 
;;176;84,00; 344.407,60 ; 68,33 
;;177;83,00; 293.619,05 ; 58,96 
;;201;75,00; 309.593,00 ; 68,80 
;;202;78,00; 287.190,00 ; 61,37 
;;203;139,00; 594.307,10 ; 71,26 
;;204;127,00; 572.505,00 ; 75,13 
;;205;181,00; 776.446,65 ; 71,50 
;;206;80,00; 379.732,20 ; 79,11 
;;206/1;108,00; 454.984,00 ; 70,21 
;;207;114,00; 455.024,50 ; 66,52 
;;208;169,00; 794.658,00 ; 78,37 
;;209;90,00; 403.744,50 ; 74,77 
;;209/1;87,00; 370.703,30 ; 71,02 
;;210;188,00; 748.764,00 ; 66,38 
;;211;187,00; 870.343,00 ; 77,57 
;;212;56,00; 260.358,50 ; 77,49 
;;212/1;103,00; 433.145,10 ; 70,09 
;;213;139,00; 618.631,40 ; 74,18 
;;217;191,00; 686.586,40 ; 59,91 
;;218;105,00; 372.131,00 ; 59,07 
;;219;181,00; 644.328,40 ; 59,33 
;;220;133,00; 484.985,00 ; 60,78 
;;221;96,00; 324.796,50 ; 56,39 
;;222;190,00; 725.410,20 ; 63,63 
;;223;119,00; 432.354,00 ; 60,55 
;;224;104,00; 374.429,50 ; 60,00 
;;225;90,00; 393.566,80 ; 72,88 
;;226;95,00; 424.517,00 ; 74,48 
;;227;104,00; 429.628,00 ; 68,85 
;;228;95,00; 403.222,50 ; 70,74 
;;229;104,00; 502.870,00 ; 80,59 
;;230;106,00; 467.614,50 ; 73,52 
;;231;74,00; 338.069,80 ; 76,14 
;;232;66,00; 265.794,20 ; 67,12 
;;233;110,00; 460.918,40 ; 69,84 
;;234;162,00; 615.037,00 ; 63,28 
;;235;95,00; 403.162,60 ; 70,73 
;;236;132,00; 615.480,30 ; 77,71 
;;237;150,00; 586.128,80 ; 65,13 
;;238;109,00; 513.105,80 ; 78,46 
;;239;66,00; 277.646,10 ; 70,11 
;;239/1;62,00; 277.332,40 ; 74,55 
;;240;111,00; 449.205,00 ; 67,45 
;;241;112,00; 485.918,20 ; 72,31 
;;242;97,00; 383.556,50 ; 65,90 
;;243;136,00; 544.351,50 ; 66,71 
;;244;115,00; 565.463,50 ; 81,95 
;;245;21,00; 76.263,00 ; 60,53 
;;245/1;12,00; 45.009,00 ; 62,51 
;;246;118,00; 426.674,10 ; 60,26 
;;247;153,00; 551.958,00 ; 60,13 
;;248;207,00; 846.116,00 ; 68,13 
;;303;162,00; 712.739,80 ; 73,33 
;;305;263,00; 1.239.112,20 ; 78,52 
;;306;116,00; 538.054,90 ; 77,31 
;;307;119,00; 518.803,50 ; 72,66 
;;308;204,00; 888.139,00 ; 72,56 
;;309;112,00; 602.592,50 ; 89,67 
;;310;96,00; 443.144,50 ; 76,93 
;;311;95,00; 433.237,75 ; 76,01 
;;312;76,00; 339.585,00 ; 74,47 
;;313;69,00; 298.700,00 ; 72,15 
;;314;105,00; 451.551,00 ; 71,67 
;;315;93,00; 434.713,70 ; 77,91 
;;316;121,00; 552.555,20 ; 76,11 
;;317;129,00; 569.204,80 ; 73,54 
;;318;43,00; 185.378,40 ; 71,85 
;;319;134,00; 520.877,00 ; 64,79 
;;320;134,00; 483.136,00 ; 60,09 
;;321;137,00; 529.295,15 ; 64,39 
;;322;109,00; 488.601,80 ; 74,71 
;;323;149,00; 650.543,60 ; 72,77 
;;324;95,00; 390.018,00 ; 68,42 
;;325;189,00; 790.250,60 ; 69,69 
;;326;125,00; 581.883,00 ; 77,58 
;;327;139,00; 570.850,90 ; 68,45 
;;328;112,00; 467.074,10 ; 69,51 
;;329;132,00; 562.735,75 ; 71,05 
;;330;85,00; 351.300,90 ; 68,88 
;;331;124,00; 549.653,75 ; 73,88 
;;332;135,00; 681.244,60 ; 84,10 
;;333;134,00; 624.282,50 ; 77,65 
;;334;116,00; 539.661,50 ; 77,54 
;;335;144,00; 678.333,00 ; 78,51 
;;336;81,00; 330.105,70 ; 67,92 
;;337;179,00; 792.005,05 ; 73,74 
;;338;146,00; 626.544,70 ; 71,52 
;;339;118,00; 520.998,90 ; 73,59 
;;340;111,00; 441.369,10 ; 66,27 
;;341;163,00; 622.990,00 ; 63,70 
;;342;167,00; 674.648,00 ; 67,33 
;;343;128,00; 597.868,40 ; 77,85 
;;344;147,00; 734.965,35 ; 83,33 
;;345;116,00; 519.787,00 ; 74,68 
;;346;110,00; 520.558,50 ; 78,87 
;;347;125,00; 573.145,10 ; 76,42 
;;348;173,00; 859.152,95 ; 82,77 
;;349;139,00; 608.845,00 ; 73,00 
;;350;121,00; 491.664,50 ; 67,72 
;;351;116,00; 489.182,00 ; 70,28 
;;352;118,00; 546.154,40 ; 77,14 
;;353;158,00; 655.397,60 ; 69,13 
;;354;128,00; 582.382,50 ; 75,83 
;;355;41,00; 187.103,00 ; 76,06 
;;356;129,00; 660.752,50 ; 85,37 
;;357;120,00; 550.483,00 ; 76,46 
;;358;135,00; 655.812,50 ; 80,96 
;;359;132,00; 617.171,00 ; 77,93 
;;360;122,00; 560.462,50 ; 76,57 
;;361;136,00; 635.882,50 ; 77,93 
;;362;125,00; 553.086,50 ; 73,74 
;;363;158,00; 637.117,00 ; 67,21 
;;364;143,00; 596.821,40 ; 69,56 
;;365;92,00; 405.978,30 ; 73,55 
;;366;116,00; 505.867,80 ; 72,68 
;;367;106,00; 434.035,60 ; 68,24 
;;368B;9,00; 42.507,54 ; 78,72 
;;369B;24,00; 111.737,00 ; 77,60 
;;370;44,00; 248.856,20 ; 94,26 
;;370B;28,00; 132.824,36 ; 79,06 
;;371;154,00; 629.593,50 ; 68,14 
;;373;95,00; 407.307,45 ; 71,46 
;;374;76,00; 342.895,80 ; 75,20 
;;376;186,00; 1.036.864,20 ; 92,91 
;;377;187,00; 981.308,80 ; 87,46 
;;378;50,00; 267.255,40 ; 89,09 
;;404;139,00; 516.318,00 ; 61,91 
;;405;189,00; 694.936,00 ; 61,28 
;;407;181,00; 683.416,50 ; 62,93 
;;408;110,00; 413.097,50 ; 62,59 
;;409;72,00; 270.344,00 ; 62,58 
;;410;97,00; 383.583,00 ; 65,91 
;;411;108,00; 411.294,65 ; 63,47 
;;412;86,00; 341.937,00 ; 66,27 
;;413;64,00; 226.354,60 ; 58,95 
;;414;65,00; 247.487,60 ; 63,46 
;;415;81,00; 304.554,80 ; 62,67 
;;416;38,00; 163.429,50 ; 71,68 
;;417;95,00; 385.328,85 ; 67,60 
;;418;67,00; 272.715,00 ; 67,84 
;;419;74,00; 297.128,50 ; 66,92 
;;420;27,00; 111.703,00 ; 68,95 
;;421;47,00; 185.588,00 ; 65,81 
;;422;84,00; 413.897,70 ; 82,12 
;;423;106,00; 492.110,50 ; 77,38 
;;424;98,00; 525.938,90 ; 89,45 
;;425;134,00; 519.314,00 ; 64,59 
;;426;116,00; 490.821,40 ; 70,52 
;;427;95,00; 365.081,90 ; 64,05 
;;428;133,00; 706.961,00 ; 88,59 
;;429;107,00; 531.228,50 ; 82,75 
;;430;67,00; 355.452,90 ; 88,42 
;;435;116,00; 566.160,10 ; 81,34 
;;501;143,00; 524.120,00 ; 61,09 
;;502;144,00; 623.053,50 ; 72,11 
;;503;39,00; 114.490,50 ; 48,93 
;;504;228,00; 747.513,30 ; 54,64 
;;505;49,00; 144.118,70 ; 49,02 
;;506;187,00; 767.400,00 ; 68,40 
;;507;160,00; 660.212,80 ; 68,77 
;;508;95,00; 415.944,20 ; 72,97 
;;509;62,00; 191.910,20 ; 51,59 
;;510;173,00; 683.274,60 ; 65,83 
;;511;187,00; 690.749,40 ; 61,56 
;;512;45,00; 196.742,50 ; 72,87 
;;513;176,00; 731.083,70 ; 69,23 
;;514;181,00; 778.211,90 ; 71,66 
;;515;93,00; 402.405,50 ; 72,12 
;;516;104,00; 382.425,88 ; 61,29 
;;517;180,00; 744.737,50 ; 68,96 
;;518;86,00; 316.169,82 ; 61,27 
;;519;61,00; 243.060,00 ; 66,41 
;;520;10,00; 19.789,80 ; 32,98 
;;330/1;16,00; 67.956,00 ; 70,79 
;;330/2;5,00; 20.179,00 ; 67,26 
;;134E;12,00; 43.079,20 ; 59,83 
;;372A;173,00; 661.335,75 ; 63,71 
;;368A;186,00; 878.190,50 ; 78,69 
;;369A;110,00; 539.772,80 ; 81,78 
;;372B;18,00; 66.516,25 ; 61,59 
;;134E3;4,70; 18.649,00 ; 66,13 
;;369A/1;25,00; 128.220,00 ; 85,48 
;;134E2;3,00; 10.839,00 ; 60,22 
;;134E7;3,00; 11.836,00 ; 65,76 
;;134E6;4,80; 21.629,00 ; 75,10 
;;134E5;4,80; 20.468,00 ; 71,07 
;;134E8;20,00; 96.462,30 ; 80,39 
;;134E4;4,70; 20.550,00 ; 72,87 
;;134E1;3,00; 6.010,00 ; 33,39 
;;130/1;47,00; 163.721,00 ; 58,06 
;;427/1;40,00; 175.401,60 ; 73,08 
;MALU Total;;28.098,00; 117.758.028,00 ; 69,85 
;MAMOSE;01;104,00; 405.897,00 ; 65,05 
;;02;210,00; 893.166,18 ; 70,89 
;;04;120,00; 537.183,00 ; 74,61 
;;06;250,00; 963.425,60 ; 64,23 
;;06/1;23,00; 70.782,40 ; 51,29 
;;08;600,00; 2.581.161,63 ; 71,70 
;;08/1;53,00; 251.968,52 ; 79,24 
;;09;480,00; 2.065.847,20 ; 71,73 
;;09/1;104,00; 537.674,65 ; 86,17 
;;10;290,00; 1.536.533,00 ; 88,31 
;;10/1;223,00; 1.014.797,20 ; 75,84 
;;11;233,00; 1.092.692,00 ; 78,16 
;;11/1;230,00; 809.287,00 ; 58,64 
;;12;180,00; 808.951,82 ; 74,90 
;;13;199,00; 595.742,00 ; 49,89 
;;14;166,00; 608.258,14 ; 61,07 
;;14/1;105,00; 459.037,00 ; 72,86 
;;14/2;70,00; 212.965,00 ; 50,71 
;;15;166,00; 501.069,86 ; 50,31 
;;16;132,00; 457.002,37 ; 57,70 
;;18;164,00; 785.655,00 ; 79,84 
;;18/1;133,00; 480.313,80 ; 60,19 
;;20;251,00; 1.209.093,00 ; 80,29 
;;21;257,00; 1.057.080,00 ; 68,55 
;;22;200,00; 722.861,00 ; 60,24 
;;22/1;200,00; 625.561,00 ; 52,13 
;;24;174,00; 547.124,00 ; 52,41 
;;25;180,00; 711.244,63 ; 65,86 
;;27;400,00; 1.057.378,26 ; 44,06 
;;29;152,00; 503.703,34 ; 55,23 
;;30;142,00; 612.016,40 ; 71,83 
;;30/1;35,00; 98.844,50 ; 47,07 
;;31;161,00; 422.960,50 ; 43,78 
;;33;387,00; 832.542,00 ; 35,85 
;;35;274,00; 1.068.495,00 ; 64,99 
;MAMOSE Total;;7.048,00; 27.138.314,00 ; 64,17 
;NOVA FARTURA;401;217,00; 990.991,70 ; 76,11 
;;402;95,00; 380.566,00 ; 66,77 
;;403;158,00; 447.525,60 ; 47,21 
;;403/1;15,00; 70.652,00 ; 78,50 
;;404;62,00; 321.258,40 ; 86,36 
;;405;183,00; 828.597,20 ; 75,46 
;;406;121,00; 623.021,00 ; 85,82 
;;407;189,00; 788.996,40 ; 69,58 
;;408;183,00; 725.001,70 ; 66,03 
;;501;176,00; 693.994,00 ; 65,72 
;;501/1;338,00; 1.412.299,00 ; 69,64 
;;502;310,00; 1.298.540,00 ; 69,81 
;;503;175,00; 763.802,00 ; 72,74 
;;504;140,00; 553.022,00 ; 65,84 
;;505;127,00; 486.975,80 ; 63,91 
;;506;246,00; 1.024.550,70 ; 69,41 
;;507;94,00; 438.248,50 ; 77,70 
;;508;226,00; 957.503,00 ; 70,61 
;;509;231,00; 912.546,60 ; 65,84 
;;510;186,00; 847.120,40 ; 75,91 
;;510/2;158,00; 745.328,00 ; 78,62 
;;511;148,00; 677.655,70 ; 76,31 
;;512;298,00; 1.172.274,00 ; 65,56 
;;512/2;166,00; 555.645,00 ; 55,79 
;;513;382,00; 1.600.813,50 ; 69,84 
;;514;95,00; 414.398,40 ; 72,70 
;;515;193,00; 968.209,50 ; 83,61 
;;516;174,00; 552.468,20 ; 52,92 
;;516/1;37,00; 126.432,60 ; 56,95 
;;517;71,00; 307.552,30 ; 72,20 
;;517/1;65,00; 156.263,90 ; 40,07 
;;518;185,00; 510.824,50 ; 46,02 
;;519;220,00; 774.742,40 ; 58,69 
;;519/1;77,00; 342.713,00 ; 74,18 
;;520;234,00; 799.542,40 ; 56,95 
;;520/1;206,00; 741.880,00 ; 60,02 
;;521;113,00; 382.345,00 ; 56,39 
;;601;63,00; 263.290,00 ; 69,65 
;;602;31,00; 139.306,80 ; 74,90 
;;603;42,00; 207.788,00 ; 82,46 
;;608;66,00; 208.732,00 ; 52,71 
;;610;186,00; 659.268,00 ; 59,07 
;;610/1;41,00; 193.067,00 ; 78,48 
;;611;192,00; 954.687,60 ; 82,87 
;;612;147,00; 588.471,00 ; 66,72 
;;614;136,00; 627.543,00 ; 76,90 
;;615;135,00; 636.949,00 ; 78,64 
;;616;134,00; 425.634,00 ; 52,94 
;;617;211,00; 1.002.877,00 ; 79,22 
;;618;164,00; 644.133,00 ; 65,46 
;;621;114,00; 520.212,15 ; 76,05 
;;622;128,00; 586.572,85 ; 76,38 
;;624;115,00; 377.683,20 ; 54,74 
;;625;152,00; 524.080,00 ; 57,46 
;;626;135,00; 449.906,20 ; 55,54 
;;628;108,00; 397.088,60 ; 61,28 
;;701;129,00; 579.329,20 ; 74,85 
;;702;163,00; 680.869,00 ; 69,62 
;NOVA FARTURA Total;;8.886,00; 36.061.788,00 ; 67,64 
;PARECIS;01;195,25; 813.869,00 ; 69,47 
;;02;195,22; 819.762,60 ; 69,99 
;;03;200,17; 769.749,80 ; 64,09 
;;04;202,71; 879.610,40 ; 72,32 
;;05;199,27; 866.231,60 ; 72,45 
;;06;197,47; 805.154,40 ; 67,96 
;;07;196,61; 915.596,00 ; 77,62 
;;08;197,73; 1.049.950,00 ; 88,50 
;;09;200,73; 1.073.672,60 ; 89,15 
;;10;196,89; 877.978,80 ; 74,32 
;;100;230,20; 1.011.189,40 ; 73,21 
;;101;154,40; 833.855,70 ; 90,01 
;;101/1;129,00; 536.615,00 ; 69,33 
;;102;151,53; 626.892,00 ; 68,95 
;;103;155,00; 609.405,50 ; 65,53 
;;104;108,00; 390.514,80 ; 60,26 
;;104/1;46,76; 160.568,20 ; 57,23 
;;107;118,50; 507.334,20 ; 71,36 
;;107/1;23,30; 94.907,34 ; 67,89 
;;108;143,00; 604.726,67 ; 70,48 
;;108/1;12,00; 53.905,03 ; 74,87 
;;109;72,50; 213.522,89 ; 49,09 
;;11;165,98; 754.747,40 ; 75,79 
;;110;4,50; 22.694,97 ; 84,06 
;;110/1;93,10; 358.665,65 ; 64,21 
;;111;45,00; 209.314,00 ; 77,52 
;;111/1;247,20; 960.052,00 ; 64,73 
;;112;176,80; 865.441,00 ; 81,58 
;;113;178,00; 802.562,50 ; 75,15 
;;114;171,70; 698.586,80 ; 67,81 
;;115;175,40; 715.664,50 ; 68,00 
;;116;180,50; 795.129,60 ; 73,42 
;;117;179,00; 775.555,00 ; 72,21 
;;12;208,35; 1.007.010,20 ; 80,55 
;;13;198,67; 925.933,90 ; 77,68 
;;14;198,92; 886.896,90 ; 74,31 
;;15;188,84; 922.760,00 ; 81,44 
;;16;187,80; 980.479,60 ; 87,01 
;;17;132,93; 685.975,40 ; 86,01 
;;18;222,07; 1.070.878,50 ; 80,37 
;;19;94,00; 410.613,00 ; 72,80 
;;21;77,00; 270.014,15 ; 58,44 
;;22;77,00; 280.863,00 ; 60,79 
;PARECIS Total;;6.529,00; 28.914.850,00 ; 73,81 
;PATACA;30;163,00; 686.100,00 ; 70,15 
;;30/1;242,00; 919.976,00 ; 63,36 
;;31;200,00; 897.364,60 ; 74,78 
;;31/1;298,00; 1.268.590,00 ; 70,95 
;;32;410,00; 1.479.437,00 ; 60,14 
;;33;351,00; 1.209.999,00 ; 57,45 
;;33/1;81,00; 297.596,00 ; 61,23 
;;34;925,00; 3.512.536,40 ; 63,29 
;;35;320,00; 1.236.904,00 ; 64,42 
;;36;252,00; 851.842,00 ; 56,34 
;;36/1;80,00; 284.800,00 ; 59,33 
;;37;765,00; 2.328.249,00 ; 50,72 
;;38;211,00; 1.022.250,00 ; 80,75 
;PATACA Total;;4.298,00; 15.995.644,00 ; 62,03 
;S. JOAO CTO- MTP;01;380,00; 1.067.587,00 ; 46,82 
;;02;260,00; 1.160.906,00 ; 74,42 
;;03;326,00; 1.513.845,00 ; 77,39 
;;04;193,00; 1.002.174,00 ; 86,54 
;;05;121,00; 603.302,00 ; 83,10 
;;05/1;197,00; 844.630,00 ; 71,46 
;;06;108,00; 542.419,00 ; 83,71 
;;07;415,00; 2.044.421,00 ; 82,11 
;;08;257,00; 1.249.737,00 ; 81,05 
;;09;346,00; 1.707.952,00 ; 82,27 
;;10;243,00; 1.229.263,00 ; 84,31 
;;101;438,00; 1.897.560,00 ; 72,21 
;;102;187,00; 728.217,00 ; 64,90 
;;102/1;181,00; 881.557,00 ; 81,17 
;;103;188,00; 849.044,00 ; 75,27 
;;104;181,00; 799.660,00 ; 73,63 
;;104/1;222,00; 1.187.172,20 ; 89,13 
;;105;173,00; 735.279,00 ; 70,84 
;;105/1;5,00; 17.840,10 ; 59,47 
;;106;336,00; 1.290.496,20 ; 64,01 
;;106/1;10,00; 51.731,00 ; 86,22 
;;107;176,00; 755.487,00 ; 71,54 
;;107/1;130,00; 770.801,50 ; 98,82 
;;107/2;131,00; 584.715,00 ; 74,39 
;;107/3;210,00; 1.041.557,00 ; 82,66 
;;108;152,00; 805.521,50 ; 88,32 
;;109;217,00; 967.403,00 ; 74,30 
;;109/1;100,00; 500.592,00 ; 83,43 
;;11;280,00; 1.329.766,00 ; 79,15 
;;11/1;37,00; 166.866,00 ; 75,16 
;;11/2;60,00; 234.970,00 ; 65,27 
;;12;120,00; 557.730,00 ; 77,46 
;;13;236,00; 1.120.268,00 ; 79,11 
;;201;127,00; 685.594,50 ; 89,97 
;;201/1;233,00; 1.055.032,00 ; 75,47 
;;201/2;15,00; 62.111,00 ; 69,01 
;;202;264,00; 1.261.985,50 ; 79,67 
;;203;199,00; 1.045.090,00 ; 87,53 
;;204;625,00; 2.929.013,00 ; 78,11 
;;204/1;15,00; 61.530,00 ; 68,37 
;;205;89,00; 500.232,00 ; 93,68 
;;206;248,00; 1.276.133,60 ; 85,76 
;;21;452,00; 2.045.650,00 ; 75,43 
;;22;95,00; 406.346,00 ; 71,29 
;;22/1;236,00; 1.047.534,00 ; 73,98 
;;22/2;28,00; 101.421,00 ; 60,37 
;;23;363,00; 1.625.930,00 ; 74,65 
;;24;212,00; 1.011.931,00 ; 79,55 
;;24/1;200,00; 990.750,00 ; 82,56 
;;25;122,00; 452.190,00 ; 61,77 
;;25/1;25,00; 95.197,00 ; 63,46 
;;26;365,00; 1.747.071,00 ; 79,77 
;;26/1;30,00; 97.615,00 ; 54,23 
;;27;270,00; 1.216.467,00 ; 75,09 
;;301;209,00; 928.961,00 ; 74,08 
;;302;171,00; 759.495,00 ; 74,02 
;;303;275,00; 1.370.647,00 ; 83,07 
;;303/1;10,00; 61.595,00 ; 102,66 
;;304;206,00; 943.197,90 ; 76,31 
;;305;319,00; 1.526.372,00 ; 79,75 
;;306;222,00; 1.215.347,50 ; 91,24 
;;307;440,00; 2.477.902,50 ; 93,86 
;;308;297,00; 1.351.422,00 ; 75,84 
;;310;110,00; 569.050,00 ; 86,22 
;;310/1;90,00; 406.247,00 ; 75,23 
;;311;157,00; 742.601,00 ; 78,83 
;;401;146,00; 749.377,00 ; 85,55 
;;402;164,00; 884.564,00 ; 89,89 
;;403;323,00; 1.599.830,00 ; 82,55 
;;403/1;64,00; 316.189,00 ; 82,34 
;;404;150,00; 655.307,00 ; 72,81 
;;404/1;75,00; 299.653,00 ; 66,59 
;;406;189,00; 847.581,00 ; 74,74 
;;407;60,00; 289.506,00 ; 80,42 
;;407/1;140,00; 320.973,00 ; 38,21 
;;407/2;20,00; 101.854,00 ; 84,88 
;;408;208,00; 990.656,00 ; 79,38 
;;408/1;20,00; 110.041,00 ; 91,70 
;;409;28,00; 101.095,00 ; 60,18 
;;410;100,00; 452.436,00 ; 75,41 
;;407/3;30,00; 153.320,00 ; 85,18 
;S. JOAO CTO- MTP Total;;15.052,00; 70.180.513,00 ; 77,71 
;S. JOSE CTO- MTP;501;288,00; 1.341.473,20 ; 77,63 
;;502;293,00; 1.479.545,00 ; 84,16 
;;503;120,00; 578.236,60 ; 80,31 
;;504;157,00; 597.179,80 ; 63,39 
;;504/1;163,00; 865.036,10 ; 88,45 
;;505;76,00; 424.026,80 ; 92,99 
;;506;169,00; 887.563,50 ; 87,53 
;;507;174,00; 922.105,70 ; 88,32 
;;508;308,00; 1.898.919,00 ; 102,76 
;;509;317,00; 1.736.564,50 ; 91,30 
;;601;96,00; 453.485,50 ; 78,73 
;;601/1;64,00; 279.598,50 ; 72,81 
;;602;487,00; 1.969.055,00 ; 67,39 
;;603;225,00; 1.073.353,20 ; 79,51 
;;604;285,00; 1.431.913,40 ; 83,74 
;;605;97,00; 539.861,80 ; 92,76 
;;606;155,00; 725.387,50 ; 78,00 
;;607;281,00; 1.458.816,00 ; 86,53 
;;608;113,00; 419.715,50 ; 61,90 
;;608/1;20,00; 92.521,00 ; 77,10 
;;609;126,00; 544.878,00 ; 72,07 
;;610;171,00; 804.438,70 ; 78,41 
;;611;208,00; 1.087.780,20 ; 87,16 
;;612;272,00; 1.406.772,00 ; 86,20 
;;613;140,00; 644.565,00 ; 76,73 
;;613/1;106,00; 611.203,00 ; 96,10 
;;614;239,00; 1.276.771,50 ; 89,04 
;;615;288,00; 1.573.067,50 ; 91,03 
;;616;333,00; 1.797.034,00 ; 89,94 
;;616/1;114,00; 499.019,00 ; 72,96 
;;701;237,00; 1.054.990,00 ; 74,19 
;;702;148,00; 728.969,00 ; 82,09 
;;703;338,00; 1.696.345,30 ; 83,65 
;;704;351,00; 1.720.852,00 ; 81,71 
;;705;407,00; 2.246.740,20 ; 92,00 
;;706;164,00; 996.004,20 ; 101,22 
;;707;316,00; 1.770.059,00 ; 93,36 
;;708;343,00; 1.947.181,60 ; 94,62 
;;709;269,00; 1.503.936,00 ; 93,18 
;;710;222,00; 1.184.608,50 ; 88,93 
;;711;120,00; 668.613,70 ; 92,86 
;;712;214,00; 1.142.300,80 ; 88,96 
;;713;224,00; 1.072.408,00 ; 79,79 
;;801;225,00; 1.103.145,70 ; 81,71 
;;802;126,00; 614.358,00 ; 81,26 
;;803;187,00; 911.822,00 ; 81,27 
;;804;79,00; 349.649,00 ; 73,77 
;;805;60,00; 247.128,00 ; 68,65 
;;901;100,00; 380.583,20 ; 63,43 
;;902;246,00; 1.031.915,60 ; 69,91 
;;903;160,00; 666.403,80 ; 69,42 
;;904;47,00; 162.921,00 ; 57,77 
;;905;81,00; 286.450,00 ; 58,94 
;;906;74,00; 329.251,00 ; 74,16 
;;MOD01;28,00; 126.056,00 ; 75,03 
;;MOD02;19,00; 66.716,00 ; 58,52 
;;MOD03;58,00; 231.173,00 ; 66,43 
;;MOD04;16,00; 61.903,00 ; 64,48 
;;MOD05;33,00; 94.149,50 ; 47,55 
;;MOD07;57,00; 204.244,00 ; 59,72 
;;MOD08;62,00; 214.774,00 ; 57,73 
;;MOD09;46,00; 215.700,00 ; 78,15 
;;MOD10;42,00; 152.862,00 ; 60,66 
;;MOD12;35,00; 106.088,00 ; 50,52 
;;MOD13;42,00; 219.559,00 ; 87,13 
;;MOD14;55,00; 166.665,00 ; 50,50 
;;MOD16;47,00; 177.511,00 ; 62,95 
;;MOD19;78,00; 231.378,00 ; 49,44 
;;MOD21;34,00; 125.772,50 ; 61,65 
;;MOD22;44,00; 210.016,50 ; 79,55 
;;MOD05B;25,00; 100.763,00 ; 67,18 
;;504EXP;11,00; 44.012,00 ; 66,68 
;S. JOSE CTO- MTP Total;;11.355,00; 55.985.864,60 ; 82,18 
;SAN DIEGO;05;341,00; 1.074.917,30 ; 52,54 
;;05/1;5,00; 16.841,00 ; 56,14 
;;06;49,00; 150.859,00 ; 51,31 
;;07;27,00; 122.928,00 ; 75,88 
;;10;32,00; 125.213,00 ; 65,22 
;;15;166,00; 448.035,00 ; 44,98 
;;16;214,00; 755.413,00 ; 58,83 
;;17;245,00; 822.270,50 ; 55,94 
;;18;53,00; 204.153,40 ; 64,20 
;;20;179,00; 698.685,10 ; 65,05 
;;21;214,00; 798.971,70 ; 62,23 
;SAN DIEGO Total;;1.525,00; 5.218.287,00 ; 57,03 
;SANTA LUZIA;01;152,00; 522.459,00 ; 57,29 
;;02;329,00; 1.320.372,00 ; 66,89 
;;04;1.225,00; 4.865.137,17 ; 66,19 
;;05;109,00; 203.017,70 ; 31,04 
;;06;290,00; 950.462,72 ; 54,62 
;;07;711,00; 2.597.911,82 ; 60,90 
;;101;268,00; 1.115.922,73 ; 69,40 
;;101/1;156,00; 528.995,00 ; 56,52 
;;106;753,00; 2.635.568,49 ; 58,33 
;;11;1.042,00; 4.771.324,51 ; 76,32 
;;110;232,00; 724.875,00 ; 52,07 
;;110/1;68,00; 209.886,00 ; 51,44 
;;110/2;6,80; 27.405,15 ; 67,17 
;;110/3;5,30; 25.993,30 ; 81,74 
;;110/4;5,30; 24.435,00 ; 76,84 
;;14;624,00; 2.107.915,87 ; 56,30 
;;15;788,00; 3.796.611,00 ; 80,30 
;;15/1;287,00; 1.461.270,28 ; 84,86 
;;16;486,00; 1.527.907,16 ; 52,40 
;;19;476,00; 2.177.717,35 ; 76,25 
;;19/1;226,00; 1.206.834,00 ; 89,00 
;;23;461,00; 1.491.025,50 ; 53,91 
;;25;321,00; 1.047.046,80 ; 54,36 
;;29;346,00; 699.890,50 ; 33,71 
;;30;547,00; 2.437.196,00 ; 74,26 
;;31;742,00; 3.938.347,00 ; 88,46 
;;33;379,00; 1.544.837,28 ; 67,93 
;;35;565,00; 2.679.879,00 ; 79,05 
;;36;730,00; 2.991.507,44 ; 68,30 
;;38;621,00; 2.573.332,78 ; 69,06 
;;52;502,00; 2.424.838,00 ; 80,51 
;;52/E;34,00; 163.559,00 ; 80,18 
;;53;344,00; 1.772.522,00 ; 85,88 
;;60;561,00; 2.908.593,00 ; 86,41 
;;62;565,00; 2.551.046,00 ; 75,25 
;;63;388,00; 1.478.867,68 ; 63,53 
;;64;573,00; 2.389.213,82 ; 69,49 
;;70;592,00; 2.416.471,46 ; 68,03 
;;73;414,00; 1.947.043,49 ; 78,38 
;;75;487,00; 2.037.547,62 ; 69,73 
;;75/1;188,00; 763.743,00 ; 67,71 
;;76;401,00; 1.906.224,38 ; 79,23 
;;80;178,00; 814.115,00 ; 76,23 
;;80/1;167,00; 733.227,86 ; 73,18 
;;81;522,00; 2.722.152,65 ; 86,91 
;;81/1;250,00; 1.072.834,00 ; 71,52 
;;82;150,00; 742.703,00 ; 82,52 
;;83;861,00; 4.144.730,00 ; 80,23 
;;88;646,00; 2.685.399,00 ; 69,28 
;;93;271,00; 1.279.032,00 ; 78,66 
;;93/1;50,00; 260.295,20 ; 86,77 
;;93/2;11,00; 47.551,20 ; 72,05 
;;93/3;2,00; 9.455,60 ; 78,80 
;;96;335,00; 1.735.630,04 ; 86,35 
;;96/1;147,00; 534.756,96 ; 60,63 
;;75/2;68,00; 266.190,00 ; 65,24 
;;110/E;4,60; 16.830,85 ; 60,98 
;;19/E;4,00; 17.849,65 ; 74,37 
;SANTA LUZIA Total;;21.667,00; 92.047.506,01 ; 70,80 
;SAO JOSE;01;541,00; 2.443.355,40 ; 75,27 
;;04;550,00; 2.598.120,60 ; 78,73 
;;07;1.038,00; 4.014.840,55 ; 64,46 
;;10;513,00; 2.262.004,60 ; 73,49 
;;14;441,00; 1.981.914,00 ; 74,90 
;;15;709,00; 2.979.725,20 ; 70,05 
;;18;394,00; 1.812.172,55 ; 76,66 
;;19;467,00; 2.095.271,48 ; 74,78 
;;21;536,00; 1.635.518,25 ; 50,86 
;;24;322,00; 1.469.271,45 ; 76,05 
;;27;131,00; 567.070,00 ; 72,15 
;;38;321,00; 1.457.879,00 ; 75,69 
;;39;603,00; 3.033.805,92 ; 83,85 
;SAO JOSE Total;;6.566,00; 28.350.949,00 ; 71,96 
;SAO MIGUEL;101;220,00; 945.668,20 ; 71,64 
;;101/1;140,00; 649.552,20 ; 77,33 
;;103;242,00; 1.092.677,58 ; 75,25 
;;104;235,00; 993.432,15 ; 70,46 
;;105;363,00; 1.730.387,95 ; 79,45 
;;107;56,00; 240.429,70 ; 71,56 
;;107/1;40,00; 181.102,00 ; 75,46 
;;107TMG;27,00; 16.819,00 ; 10,38 
;;108;138,00; 580.891,65 ; 70,16 
;;109;41,00; 190.440,25 ; 77,41 
;;110;27,00; 77.707,00 ; 47,97 
;;111;385,00; 1.799.341,00 ; 77,89 
;;202;345,00; 1.530.785,80 ; 73,95 
;;203;137,00; 641.695,33 ; 78,07 
;;204;130,00; 651.573,30 ; 83,54 
;;205;354,00; 1.678.644,15 ; 79,03 
;;206;287,00; 1.330.835,25 ; 77,28 
;;302;256,00; 1.031.268,00 ; 67,14 
;;303;162,00; 681.010,00 ; 70,06 
;;304;89,00; 439.495,75 ; 82,30 
;;305;120,00; 564.913,68 ; 78,46 
;;306;70,00; 343.792,40 ; 81,86 
;;306/1;7,00; 34.960,64 ; 83,24 
;;307;341,00; 1.438.408,01 ; 70,30 
;;307/1;28,00; 138.313,00 ; 82,33 
;;307/2;6,00; 36.570,80 ; 101,59 
;;308;157,00; 731.519,61 ; 77,66 
;;311;210,00; 934.880,00 ; 74,20 
;;312;243,00; 1.079.157,50 ; 74,02 
;;401;148,00; 811.488,58 ; 91,38 
;;402;149,00; 660.592,00 ; 73,89 
;;403;185,00; 847.522,92 ; 76,35 
;;404;217,00; 951.374,00 ; 73,07 
;;405;266,00; 1.245.593,68 ; 78,04 
;;407;298,00; 1.375.504,32 ; 76,93 
;;408;160,00; 765.558,00 ; 79,75 
;;502;64,00; 317.495,60 ; 82,68 
;;502/1;63,00; 318.599,00 ; 84,29 
;;503;70,00; 338.495,07 ; 80,59 
;;503/1;123,00; 583.919,83 ; 79,12 
;;504;220,00; 1.041.514,00 ; 78,90 
;;505;136,00; 592.938,90 ; 72,66 
;;505/1;21,00; 82.363,10 ; 65,37 
;;506;130,00; 543.644,50 ; 69,70 
;;506/1;36,00; 142.955,00 ; 66,18 
;;507;178,00; 816.332,60 ; 76,44 
;;508;158,00; 673.189,90 ; 71,01 
;;509;154,00; 607.683,30 ; 65,77 
;;510;240,00; 1.015.241,80 ; 70,50 
;;107CQB;22,00; 65.687,00 ; 49,76 
;SAO MIGUEL Total;;7.894,00; 35.583.965,00 ; 75,13 
;SERRA AZUL;01;97,00; 436.136,00 ; 74,94 
;;02;126,00; 561.611,00 ; 74,29 
;;03;102,00; 429.771,00 ; 70,22 
;;05;227,00; 1.044.086,00 ; 76,66 
;;06;153,00; 601.550,00 ; 65,53 
;;07;61,00; 279.067,00 ; 76,25 
;;101;128,00; 495.383,00 ; 64,50 
;;102;108,00; 475.573,00 ; 73,39 
;;102/1;52,00; 211.713,00 ; 67,86 
;;103;116,00; 512.357,00 ; 73,61 
;;104;94,00; 387.928,00 ; 68,78 
;;105;192,00; 870.310,00 ; 75,55 
;;106;249,00; 999.483,80 ; 66,90 
;;107;153,00; 661.342,00 ; 72,04 
;;201;61,00; 285.567,00 ; 78,02 
;;202;72,00; 303.597,00 ; 70,28 
;;203;81,00; 370.190,00 ; 76,17 
;;204;98,00; 474.492,00 ; 80,70 
;;205;108,00; 472.746,00 ; 72,95 
;;206;135,00; 580.151,00 ; 71,62 
;;207;104,00; 485.303,00 ; 77,77 
;;208;114,00; 568.084,60 ; 83,05 
;;209;142,00; 683.408,00 ; 80,21 
;;210;96,00; 423.038,00 ; 73,44 
;;211;135,00; 656.678,00 ; 81,07 
;;212;41,00; 123.926,20 ; 50,38 
;;213;146,00; 698.330,40 ; 79,72 
;;301;131,00; 544.938,00 ; 69,33 
;;302;41,00; 155.326,00 ; 63,14 
;;303;70,00; 278.117,00 ; 66,22 
;;304;73,00; 295.958,00 ; 67,57 
;;305;102,00; 378.930,00 ; 61,92 
;;401;41,00; 162.149,30 ; 65,91 
;;402;73,00; 335.272,00 ; 76,55 
;;402/1;40,00; 149.564,00 ; 62,32 
;;403;191,00; 863.173,70 ; 75,32 
;;403/1;11,00; 50.871,00 ; 77,08 
;;404;124,00; 561.647,00 ; 75,49 
;;404/1;13,00; 62.005,00 ; 79,49 
;;405;119,00; 471.285,00 ; 66,01 
;;406;166,00; 788.098,00 ; 79,13 
;;407;74,00; 363.479,00 ; 81,86 
;;501;157,00; 764.368,00 ; 81,14 
;;502;114,00; 474.097,00 ; 69,31 
;;503;202,00; 1.013.920,00 ; 83,66 
;;504;102,00; 494.712,20 ; 80,84 
;;505;92,00; 434.643,80 ; 78,74 
;;506;101,00; 432.538,00 ; 71,38 
;;507;183,00; 865.484,00 ; 78,82 
;;508;100,00; 442.585,00 ; 73,76 
;;509;147,00; 579.822,00 ; 65,74 
;SERRA AZUL Total;;5.658,00; 25.054.805,00 ; 73,80 
;SIMARELLI;04;175,00; 694.388,53 ; 66,13 
;;04/1;308,00; 1.267.007,00 ; 68,56 
;;05;724,00; 2.370.558,61 ; 54,57 
;;05/1;77,00; 295.399,00 ; 63,94 
;;08;295,50; 1.204.828,97 ; 67,95 
;;09;428,00; 1.862.732,07 ; 72,54 
;;09/1;28,00; 111.599,47 ; 66,43 
;;10;358,00; 1.252.764,39 ; 58,32 
;;13;292,00; 1.257.952,97 ; 71,80 
;;14;363,00; 1.278.014,00 ; 58,68 
;;15;366,00; 1.156.618,00 ; 52,67 
;;17;583,50; 1.892.486,00 ; 54,06 
;;20;563,00; 1.636.279,00 ; 48,44 
;SIMARELLI Total;;4.561,00; 16.280.628,01 ; 59,49 
;SULINA;01;190,00; 745.154,60 ; 65,36 
;;02;174,00; 750.209,65 ; 71,86 
;;03;218,00; 871.246,40 ; 66,61 
;;04;257,10; 1.051.185,35 ; 68,14 
;;05;350,30; 1.273.121,00 ; 60,57 
;;06;258,00; 1.160.929,10 ; 75,00 
;;07;264,00; 1.228.894,50 ; 77,58 
;;08;222,80; 868.855,70 ; 65,00 
;;101;150,90; 523.470,60 ; 57,82 
;;102;188,20; 749.821,60 ; 66,40 
;;103;175,10; 719.783,00 ; 68,51 
;;104;204,40; 692.752,80 ; 56,49 
;;105;169,30; 515.161,00 ; 50,71 
;;106;357,70; 1.704.508,40 ; 79,42 
;;107;226,30; 1.067.725,60 ; 78,64 
;;201;296,60; 1.289.004,70 ; 72,43 
;;202;594,00; 2.478.520,50 ; 69,54 
;;301;120,50; 543.436,50 ; 75,16 
;SULINA Total;;4.417,20; 18.233.781,00 ; 68,80 
;TUPI BARAO;03;401,00; 1.735.034,50 ; 72,11 
;;04;288,00; 1.233.721,00 ; 71,40 
;;05;283,00; 1.191.293,64 ; 70,16 
;;06;102,00; 389.520,50 ; 63,65 
;;07;191,00; 673.540,70 ; 58,77 
;;08;138,00; 493.515,00 ; 59,60 
;;09;259,00; 1.143.382,00 ; 73,58 
;;10;246,00; 897.791,00 ; 60,83 
;;10/2;11,00; 39.399,00 ; 59,70 
;;11;124,00; 452.589,00 ; 60,83 
;;11/2;50,00; 233.690,00 ; 77,90 
;;12;187,00; 818.563,00 ; 72,96 
;;13;154,00; 660.176,00 ; 71,45 
;;14;128,00; 553.389,50 ; 72,06 
;;15;179,00; 771.873,00 ; 71,87 
;;16;100,00; 401.792,00 ; 66,97 
;;17;137,00; 511.504,00 ; 62,23 
;;18;240,00; 672.425,56 ; 46,70 
;;19;184,00; 561.847,00 ; 50,89 
;;20;282,00; 1.241.280,00 ; 73,36 
;;20/2;30,00; 112.652,50 ; 62,58 
;;21;575,00; 2.560.391,00 ; 74,21 
;;22;418,00; 1.783.351,50 ; 71,11 
;;23;193,00; 686.111,60 ; 59,25 
;;23/2;65,00; 261.123,00 ; 66,95 
;;24;296,00; 1.161.013,00 ; 65,37 
;;24/2;102,00; 398.358,00 ; 65,09 
;;25;132,00; 511.135,00 ; 64,54 
;;25/2;172,00; 714.879,00 ; 69,27 
;;26;130,00; 465.104,00 ; 59,63 
;;26/2;100,00; 303.654,00 ; 50,61 
;;27;172,00; 659.360,00 ; 63,89 
;;28;105,00; 401.932,00 ; 63,80 
;;28/2;70,00; 260.782,00 ; 62,09 
;;29;313,00; 958.391,40 ; 51,03 
;;30;345,00; 1.378.282,50 ; 66,58 
;;31;149,00; 539.999,60 ; 60,40 
;;32;301,00; 1.205.149,00 ; 66,73 
;;33;400,00; 1.664.960,50 ; 69,37 
;;34;311,00; 1.356.140,00 ; 72,68 
;;35;253,00; 1.090.901,30 ; 71,86 
;;36;251,00; 1.026.780,00 ; 68,18 
;;37;362,00; 1.570.530,20 ; 72,31 
;;38;284,00; 910.291,00 ; 53,42 
;;38/2;60,00; 215.394,00 ; 59,83 
;;39;267,00; 966.186,00 ; 60,31 
;;40;100,00; 406.546,00 ; 67,76 
;;41;159,00; 634.527,10 ; 66,51 
;;42;164,00; 651.978,90 ; 66,26 
;;43;127,00; 477.766,50 ; 62,70 
;TUPI BARAO Total;;10.090,00; 40.009.997,00 ; 66,09 
;VALE R. VERDE;01;453,00; 2.038.990,00 ; 75,02 
;;02;311,00; 1.320.222,00 ; 70,75 
;;03;275,00; 1.074.701,00 ; 65,13 
;;04;274,00; 1.201.462,60 ; 73,08 
;;05;365,00; 1.643.234,45 ; 75,03 
;;05/2;5,00; 22.471,55 ; 74,91 
;;07;394,00; 1.824.970,00 ; 77,20 
;;08;153,00; 671.163,00 ; 73,11 
;;09;232,00; 976.659,50 ; 70,16 
;;10;179,00; 750.964,00 ; 69,92 
;;11;108,00; 421.932,05 ; 65,11 
;;12;122,00; 468.714,45 ; 64,03 
;;13;115,00; 527.882,00 ; 76,50 
;;14;191,00; 802.742,20 ; 70,05 
;;16;371,00; 1.591.222,80 ; 71,48 
;;17;187,00; 733.300,00 ; 65,36 
;;18;220,00; 814.310,00 ; 61,69 
;;19;118,00; 479.687,50 ; 67,75 
;;20;313,00; 1.483.413,00 ; 78,99 
;;200;333,00; 1.598.034,00 ; 79,98 
;;201;70,00; 163.162,40 ; 38,85 
;;201/2;77,00; 182.333,60 ; 39,47 
;;202;343,00; 1.425.976,15 ; 69,29 
;;203;282,00; 1.159.358,35 ; 68,52 
;;205;634,00; 2.987.799,00 ; 78,54 
;;208;178,00; 897.156,00 ; 84,00 
;;209;469,00; 2.163.627,00 ; 76,89 
;;210;307,00; 1.502.769,00 ; 81,58 
;;212;153,00; 666.544,00 ; 72,61 
;;213;138,00; 606.266,00 ; 73,22 
;;214;313,00; 1.378.210,00 ; 73,39 
;;215;304,00; 1.337.190,00 ; 73,31 
;;216;218,00; 975.546,00 ; 74,58 
;;217;157,00; 630.904,00 ; 66,97 
;;218;352,00; 1.377.175,00 ; 65,21 
;;22;74,00; 336.600,35 ; 75,81 
;;22/2;30,00; 136.344,80 ; 75,75 
;;220;548,00; 2.724.086,00 ; 82,85 
;;223;470,00; 2.117.227,00 ; 75,08 
;;224;124,00; 514.388,00 ; 69,14 
;;226;176,00; 683.261,00 ; 64,70 
;;227;355,00; 1.499.395,00 ; 70,39 
;;228;425,00; 1.701.666,00 ; 66,73 
;;229;464,00; 1.805.556,58 ; 64,85 
;;229/2;4,00; 15.343,42 ; 63,93 
;;23;148,00; 665.045,85 ; 74,89 
;;23/2;5,00; 22.736,00 ; 75,79 
;;230;344,00; 1.254.611,50 ; 60,79 
;;231;23,00; 98.767,75 ; 71,57 
;;24;346,00; 1.494.153,00 ; 71,97 
;;25;433,00; 1.931.173,00 ; 74,33 
;;26;312,00; 1.253.946,50 ; 66,98 
;;27;267,00; 888.130,80 ; 55,44 
;;28;113,00; 470.420,00 ; 69,38 
;;29;175,00; 587.754,20 ; 55,98 
;;30;310,00; 1.146.458,09 ; 61,64 
;;31;205,00; 777.049,09 ; 63,17 
;;34;346,00; 1.607.631,00 ; 77,44 
;;35;249,00; 1.108.050,00 ; 74,17 
;;36;197,00; 742.935,83 ; 62,85 
;;37;400,00; 1.390.850,00 ; 57,95 
;;39;118,00; 507.165,25 ; 71,63 
;;41;113,00; 463.999,50 ; 68,44 
;;42;331,00; 1.368.884,00 ; 68,93 
;;44;237,00; 1.116.326,00 ; 78,50 
;;44/2;181,00; 719.251,00 ; 66,23 
;;45;299,00; 1.280.437,00 ; 71,37 
;;46;156,00; 733.279,75 ; 78,34 
;;46/2;17,00; 81.096,25 ; 79,51 
;;47;128,00; 628.463,00 ; 81,83 
;;48;195,00; 691.283,00 ; 59,08 
;;49;265,00; 1.154.806,40 ; 72,63 
;;50;245,00; 1.094.431,00 ; 74,45 
;;51;119,00; 518.512,60 ; 72,62 
;;52;302,00; 1.307.698,50 ; 72,17 
;;54;202,00; 747.662,00 ; 61,69 
;;L01;170,00; 812.401,40 ; 79,65 
;;L01/2;351,00; 1.425.595,00 ; 67,69 
;;L02;273,00; 1.246.363,25 ; 76,09 
;;L02/2;272,00; 1.247.330,75 ; 76,43 
;;L03;363,00; 1.596.204,50 ; 73,29 
;;L03/2;464,00; 2.224.772,00 ; 79,91 
;;L04;422,00; 1.883.144,50 ; 74,37 
;VALE R. VERDE Total;;20.480,00; 87.722.780,01 ; 71,39 
;VENTANIA;01;399,00; 1.471.831,50 ; 61,48 
;;06;382,00; 1.445.092,00 ; 63,05 
;;06/1;133,00; 277.721,00 ; 34,80 
;;11;57,00; 144.900,55 ; 42,37 
;;12;121,00; 326.698,45 ; 45,00 
;;13;100,00; 298.549,00 ; 49,76 
;;14;239,00; 1.035.358,50 ; 72,20 
;;14/1;77,00; 277.606,00 ; 60,09 
;;14/2;74,00; 269.325,50 ; 60,66 
;;14/3;39,00; 101.181,00 ; 43,24 
;;15;242,00; 491.331,40 ; 33,84 
;;18;222,00; 520.562,00 ; 39,08 
;;25;98,00; 293.200,00 ; 49,86 
;;28;285,00; 1.020.335,00 ; 59,67 
;;28/1;211,00; 690.227,00 ; 54,52 
;;29;133,00; 343.861,00 ; 43,09 
;;29/1;33,00; 92.677,00 ; 46,81 
;;30;459,00; 1.789.445,00 ; 64,98 
;;30/1;329,00; 1.521.600,00 ; 77,08 
;;34;267,00; 1.230.721,00 ; 76,82 
;;34/1;203,00; 487.257,00 ; 40,00 
;;34/2;94,00; 272.399,20 ; 48,30 
;;36;152,00; 375.047,00 ; 41,12 
;;36/1;66,00; 194.052,00 ; 49,00 
;;37;124,00; 366.878,80 ; 49,31 
;;37/1;113,00; 313.047,00 ; 46,17 
;;38;196,00; 561.405,80 ; 47,74 
;;39;272,00; 933.733,00 ; 57,21 
;;39/1;177,00; 771.082,70 ; 72,61 
;;39/2;127,00; 344.872,50 ; 45,26 
;;43;246,00; 838.773,29 ; 56,83 
;;43/1;297,00; 1.107.217,51 ; 62,13 
;;43/2;110,00; 302.609,00 ; 45,85 
;;47;227,00; 836.129,80 ; 61,39 
;;47/1;237,00; 913.173,30 ; 64,22 
;;47/2;30,00; 89.616,40 ; 49,79 
;;51;138,00; 481.503,17 ; 58,15 
;;52;68,00; 238.347,20 ; 58,42 
;;53;211,00; 597.485,83 ; 47,19 
;;54;44,00; 87.389,60 ; 33,10 
;;55;276,00; 1.023.811,50 ; 61,82 
;;56;247,00; 792.861,50 ; 53,50 
;;57;223,00; 708.855,00 ; 52,98 
;;59;141,00; 317.190,00 ; 37,49 
;;59/1;92,00; 322.788,00 ; 58,48 
;;60;89,00; 295.272,00 ; 55,29 
;VENTANIA Total;;8.100,00; 27.215.021,00 ; 56,00 
;VOVO ERNESTO;01;196,00; 752.915,00 ; 64,02 
;;02;182,00; 757.332,00 ; 69,35 
;;03;211,00; 749.918,00 ; 59,24 
;;04;196,00; 873.804,00 ; 74,30 
;;05;187,00; 674.317,00 ; 60,10 
;;06;290,00; 1.229.368,00 ; 70,65 
;;07;103,00; 362.171,00 ; 58,60 
;;08;246,00; 1.005.955,00 ; 68,15 
;;09;220,00; 1.000.203,00 ; 75,77 
;;10;174,00; 723.772,00 ; 69,33 
;;11;237,00; 1.106.380,00 ; 77,80 
;;12;173,00; 651.014,00 ; 62,72 
;;13;107,00; 413.920,00 ; 64,47 
;;14;234,00; 1.019.296,00 ; 72,60 
;;15;190,00; 732.386,00 ; 64,24 
;;16;154,00; 642.551,00 ; 69,54 
;;17;128,00; 529.669,00 ; 68,97 
;;18;296,00; 1.038.391,00 ; 58,47 
;;19;215,00; 988.120,00 ; 76,60 
;;20;290,00; 1.319.808,00 ; 75,85 
;;21;46,00; 211.622,00 ; 76,67 
;;22;56,00; 230.005,00 ; 68,45 
;;23;281,00; 1.191.811,00 ; 70,69 
;;24;139,00; 488.806,00 ; 58,61 
;;25;102,00; 419.741,00 ; 68,59 
;;26;192,00; 736.598,00 ; 63,94 
;;27;251,00; 760.369,00 ; 50,49 
;;28;158,00; 636.668,00 ; 67,16 
;;29;135,00; 516.648,00 ; 63,78 
;VOVO ERNESTO Total;;5.389,00; 21.763.558,00 ; 67,31 
SOJA 24/25 - 1§ SAFRA Total;;;333.040,61; 1.370.112.453,64 ; 68,57 
Total Geral;;;333.040,61; 1.370.112.453,64 ; 68,57 
